title,genre,release_date,popularity,release_year
Impossible Things,Family,2021-06-17,14.358,2021
Impossible Things,Drama,2021-06-17,14.358,2021
Your Eyes Tell,Romance,2020-10-23,51.345,2020
Your Eyes Tell,Drama,2020-10-23,51.345,2020
Gabriel's Inferno,Romance,2020-05-29,12.674,2020
Gabriel's Inferno: Part II,Romance,2020-07-31,14.924,2020
Gabriel's Inferno: Part III,Romance,2020-11-19,47.608,2020
Gabriel's Inferno: Part III,Comedy,2020-11-19,47.608,2020
Violet Evergarden: The Movie,Animation,2020-09-18,23.933,2020
Violet Evergarden: The Movie,Fantasy,2020-09-18,23.933,2020
Violet Evergarden: The Movie,Romance,2020-09-18,23.933,2020
Violet Evergarden: The Movie,Drama,2020-09-18,23.933,2020
"Josee, the Tiger and the Fish",Animation,2020-12-25,178.195,2020
"Josee, the Tiger and the Fish",Drama,2020-12-25,178.195,2020
"Josee, the Tiger and the Fish",Romance,2020-12-25,178.195,2020
Evangelion: 3.0+1.0 Thrice Upon a Time,Animation,2021-03-08,108.156,2021
Evangelion: 3.0+1.0 Thrice Upon a Time,Action,2021-03-08,108.156,2021
Evangelion: 3.0+1.0 Thrice Upon a Time,Science Fiction,2021-03-08,108.156,2021
Evangelion: 3.0+1.0 Thrice Upon a Time,Drama,2021-03-08,108.156,2021
Wolfwalkers,Animation,2020-10-26,17.052,2020
Wolfwalkers,Family,2020-10-26,17.052,2020
Wolfwalkers,Adventure,2020-10-26,17.052,2020
Wolfwalkers,Fantasy,2020-10-26,17.052,2020
Demon Slayer -Kimetsu no Yaiba- The Movie: Mugen Train,Animation,2020-10-16,802.132,2020
Demon Slayer -Kimetsu no Yaiba- The Movie: Mugen Train,Action,2020-10-16,802.132,2020
Demon Slayer -Kimetsu no Yaiba- The Movie: Mugen Train,Adventure,2020-10-16,802.132,2020
Demon Slayer -Kimetsu no Yaiba- The Movie: Mugen Train,Fantasy,2020-10-16,802.132,2020
Given,Animation,2020-08-22,92.227,2020
Given,Drama,2020-08-22,92.227,2020
Given,Music,2020-08-22,92.227,2020
Given,Romance,2020-08-22,92.227,2020
Top Gun: Maverick,Action,2022-05-24,7567.017,2022
Top Gun: Maverick,Drama,2022-05-24,7567.017,2022
Clouds,Music,2020-10-09,21.826,2020
Clouds,Drama,2020-10-09,21.826,2020
Clouds,Romance,2020-10-09,21.826,2020
Hamilton,History,2020-07-03,11.644,2020
Hamilton,Drama,2020-07-03,11.644,2020
Justice League Dark: Apokolips War,Animation,2020-05-05,41.778,2020
Justice League Dark: Apokolips War,Action,2020-05-05,41.778,2020
Justice League Dark: Apokolips War,Adventure,2020-05-05,41.778,2020
Justice League Dark: Apokolips War,Fantasy,2020-05-05,41.778,2020
Justice League Dark: Apokolips War,Science Fiction,2020-05-05,41.778,2020
Life in a Year,Drama,2020-11-27,114.889,2020
Life in a Year,Romance,2020-11-27,114.889,2020
Zack Snyder's Justice League,Action,2021-03-18,325.801,2021
Zack Snyder's Justice League,Adventure,2021-03-18,325.801,2021
Zack Snyder's Justice League,Fantasy,2021-03-18,325.801,2021
Zack Snyder's Justice League,Science Fiction,2021-03-18,325.801,2021
Everything Everywhere All at Once,Action,2022-03-24,309.567,2022
Everything Everywhere All at Once,Adventure,2022-03-24,309.567,2022
Everything Everywhere All at Once,Science Fiction,2022-03-24,309.567,2022
Black Beauty,Drama,2020-11-27,12.203,2020
"Miraculous World: New York, United HeroeZ",Animation,2020-09-25,245.422,2020
"Miraculous World: New York, United HeroeZ",Family,2020-09-25,245.422,2020
"Miraculous World: New York, United HeroeZ",Adventure,2020-09-25,245.422,2020
"Miraculous World: New York, United HeroeZ",TV Movie,2020-09-25,245.422,2020
"Miraculous World: New York, United HeroeZ",Fantasy,2020-09-25,245.422,2020
"Miraculous World: New York, United HeroeZ",Action,2020-09-25,245.422,2020
Mortal Kombat Legends: Scorpion's Revenge,Animation,2020-04-12,38.476,2020
Mortal Kombat Legends: Scorpion's Revenge,Action,2020-04-12,38.476,2020
Mortal Kombat Legends: Scorpion's Revenge,Fantasy,2020-04-12,38.476,2020
New Gods: Nezha Reborn,Animation,2021-02-06,76.935,2021
New Gods: Nezha Reborn,Action,2021-02-06,76.935,2021
New Gods: Nezha Reborn,Fantasy,2021-02-06,76.935,2021
Bo Burnham: Inside,Comedy,2021-07-22,8.717,2021
Soul,Animation,2020-12-25,175.175,2020
Soul,Family,2020-12-25,175.175,2020
Soul,Comedy,2020-12-25,175.175,2020
Soul,Fantasy,2020-12-25,175.175,2020
Soul,Drama,2020-12-25,175.175,2020
The Father,Drama,2020-12-23,22.528,2020
Me Against You: Mr. S's Vendetta,Comedy,2020-01-17,7.143,2020
Me Against You: Mr. S's Vendetta,Family,2020-01-17,7.143,2020
Nobody,Action,2021-03-18,181.22,2021
Nobody,Crime,2021-03-18,181.22,2021
Nobody,Thriller,2021-03-18,181.22,2021
Far From the Tree,Animation,2021-11-24,94.009,2021
Far From the Tree,Family,2021-11-24,94.009,2021
Cruella,Comedy,2021-05-26,309.589,2021
Cruella,Crime,2021-05-26,309.589,2021
Paper Lives,Drama,2021-03-12,27.235,2021
Straight Outta Nowhere: Scooby-Doo! Meets Courage the Cowardly Dog,Animation,2021-09-14,133.638,2021
Straight Outta Nowhere: Scooby-Doo! Meets Courage the Cowardly Dog,Comedy,2021-09-14,133.638,2021
Straight Outta Nowhere: Scooby-Doo! Meets Courage the Cowardly Dog,Mystery,2021-09-14,133.638,2021
Straight Outta Nowhere: Scooby-Doo! Meets Courage the Cowardly Dog,Family,2021-09-14,133.638,2021
Straight Outta Nowhere: Scooby-Doo! Meets Courage the Cowardly Dog,Fantasy,2021-09-14,133.638,2021
Ron's Gone Wrong,Animation,2021-10-15,224.167,2021
Ron's Gone Wrong,Science Fiction,2021-10-15,224.167,2021
Ron's Gone Wrong,Family,2021-10-15,224.167,2021
Ron's Gone Wrong,Comedy,2021-10-15,224.167,2021
Finch,Science Fiction,2021-11-04,194.632,2021
Finch,Drama,2021-11-04,194.632,2021
Finch,Adventure,2021-11-04,194.632,2021
Sing 2,Animation,2021-12-01,545.619,2021
Sing 2,Comedy,2021-12-01,545.619,2021
Sing 2,Family,2021-12-01,545.619,2021
Sing 2,Music,2021-12-01,545.619,2021
Spider-Man: No Way Home,Action,2021-12-15,1713.86,2021
Spider-Man: No Way Home,Adventure,2021-12-15,1713.86,2021
Spider-Man: No Way Home,Science Fiction,2021-12-15,1713.86,2021
All My Life,Romance,2020-10-23,17.382,2020
All My Life,Drama,2020-10-23,17.382,2020
Wish Dragon,Animation,2021-01-15,135.036,2021
Wish Dragon,Family,2021-01-15,135.036,2021
Wish Dragon,Comedy,2021-01-15,135.036,2021
Wish Dragon,Fantasy,2021-01-15,135.036,2021
Palmer,Drama,2021-01-29,51.52,2021
CODA,Drama,2021-08-11,46.461,2021
CODA,Music,2021-08-11,46.461,2021
CODA,Romance,2021-08-11,46.461,2021
"Veinteañera, Divorciada y Fantástica",Comedy,2020-02-14,9.596,2020
El mesero,Comedy,2021-07-15,70.415,2021
Belle,Animation,2021-07-16,230.739,2021
Belle,Drama,2021-07-16,230.739,2021
Belle,Science Fiction,2021-07-16,230.739,2021
Belle,Music,2021-07-16,230.739,2021
The Mitchells vs. the Machines,Animation,2021-04-22,35.807,2021
The Mitchells vs. the Machines,Adventure,2021-04-22,35.807,2021
The Mitchells vs. the Machines,Comedy,2021-04-22,35.807,2021
A Whisker Away,Animation,2020-06-18,69.562,2020
A Whisker Away,Drama,2020-06-18,69.562,2020
A Whisker Away,Romance,2020-06-18,69.562,2020
A Whisker Away,Fantasy,2020-06-18,69.562,2020
Raya and the Last Dragon,Animation,2021-03-03,221.83,2021
Raya and the Last Dragon,Family,2021-03-03,221.83,2021
Raya and the Last Dragon,Fantasy,2021-03-03,221.83,2021
Raya and the Last Dragon,Action,2021-03-03,221.83,2021
Raya and the Last Dragon,Adventure,2021-03-03,221.83,2021
Words on Bathroom Walls,Drama,2020-08-21,11.647,2020
Words on Bathroom Walls,Romance,2020-08-21,11.647,2020
An Egg Rescue,Animation,2021-08-12,164.059,2021
An Egg Rescue,Comedy,2021-08-12,164.059,2021
Girl in the Basement,Crime,2021-02-27,222.729,2021
Girl in the Basement,Thriller,2021-02-27,222.729,2021
My Father's Violin,Drama,2022-01-21,33.154,2022
My Father's Violin,Music,2022-01-21,33.154,2022
The Tomorrow War,Action,2021-07-02,256.603,2021
The Tomorrow War,Science Fiction,2021-07-02,256.603,2021
The Tomorrow War,Adventure,2021-07-02,256.603,2021
Us Again,Animation,2021-03-03,7.785,2021
Us Again,Romance,2021-03-03,7.785,2021
Us Again,Drama,2021-03-03,7.785,2021
The Black Phone,Horror,2022-06-22,5278.336,2022
The Black Phone,Thriller,2022-06-22,5278.336,2022
Charm City Kings,Drama,2020-01-27,21.532,2020
Luca,Animation,2021-06-17,341.705,2021
Luca,Comedy,2021-06-17,341.705,2021
Luca,Family,2021-06-17,341.705,2021
Luca,Fantasy,2021-06-17,341.705,2021
My Little Pony: A New Generation,Animation,2021-09-23,90.393,2021
My Little Pony: A New Generation,Family,2021-09-23,90.393,2021
My Little Pony: A New Generation,Fantasy,2021-09-23,90.393,2021
My Little Pony: A New Generation,Comedy,2021-09-23,90.393,2021
My Little Pony: A New Generation,Music,2021-09-23,90.393,2021
My Little Pony: A New Generation,Adventure,2021-09-23,90.393,2021
You've Got This,Romance,2020-10-02,11.641,2020
You've Got This,Comedy,2020-10-02,11.641,2020
Miraculous World: Shanghai – The Legend of Ladydragon,Animation,2021-05-15,268.031,2021
Miraculous World: Shanghai – The Legend of Ladydragon,Family,2021-05-15,268.031,2021
Miraculous World: Shanghai – The Legend of Ladydragon,Adventure,2021-05-15,268.031,2021
Miraculous World: Shanghai – The Legend of Ladydragon,Fantasy,2021-05-15,268.031,2021
Miraculous World: Shanghai – The Legend of Ladydragon,Action,2021-05-15,268.031,2021
Miraculous World: Shanghai – The Legend of Ladydragon,TV Movie,2021-05-15,268.031,2021
The Seven Deadly Sins: Cursed by Light,Animation,2021-07-02,452.698,2021
The Seven Deadly Sins: Cursed by Light,Fantasy,2021-07-02,452.698,2021
Dune,Science Fiction,2021-09-08,216.157,2021
Dune,Adventure,2021-09-08,216.157,2021
Rurouni Kenshin: The Final,Action,2021-04-23,62.242,2021
Rurouni Kenshin: The Final,Adventure,2021-04-23,62.242,2021
Rurouni Kenshin: The Final,Drama,2021-04-23,62.242,2021
Hustle,Drama,2022-06-03,966.604,2022
Hustle,Comedy,2022-06-03,966.604,2022
Cindy La Regia,Comedy,2020-01-24,13.303,2020
Cindy La Regia,Romance,2020-01-24,13.303,2020
We Bare Bears: The Movie,Animation,2020-06-30,85.597,2020
We Bare Bears: The Movie,Adventure,2020-06-30,85.597,2020
We Bare Bears: The Movie,Family,2020-06-30,85.597,2020
We Bare Bears: The Movie,Comedy,2020-06-30,85.597,2020
We Bare Bears: The Movie,TV Movie,2020-06-30,85.597,2020
King Richard,Drama,2021-11-18,88.414,2021
King Richard,History,2021-11-18,88.414,2021
Anonymously Yours,Drama,2021-12-10,50.904,2021
Anonymously Yours,Romance,2021-12-10,50.904,2021
Jujutsu Kaisen 0,Animation,2021-12-24,1444.117,2021
Jujutsu Kaisen 0,Action,2021-12-24,1444.117,2021
Jujutsu Kaisen 0,Fantasy,2021-12-24,1444.117,2021
The Heist of the Century,Comedy,2020-01-16,37.98,2020
The Heist of the Century,Thriller,2020-01-16,37.98,2020
The Heist of the Century,Crime,2020-01-16,37.98,2020
Mortal Kombat Legends: Battle of the Realms,Animation,2021-08-30,121.616,2021
Mortal Kombat Legends: Battle of the Realms,Action,2021-08-30,121.616,2021
Mortal Kombat Legends: Battle of the Realms,Fantasy,2021-08-30,121.616,2021
The Valet,Comedy,2022-05-11,362.118,2022
The Valet,Romance,2022-05-11,362.118,2022
Gone Mom: The Disappearance of Jennifer Dulos,TV Movie,2021-06-05,113.99,2021
Gone Mom: The Disappearance of Jennifer Dulos,Thriller,2021-06-05,113.99,2021
Gone Mom: The Disappearance of Jennifer Dulos,Crime,2021-06-05,113.99,2021
Rich in Love,Comedy,2020-04-30,17.857,2020
Rich in Love,Romance,2020-04-30,17.857,2020
Trollhunters: Rise of the Titans,Animation,2021-07-21,90.609,2021
Trollhunters: Rise of the Titans,Fantasy,2021-07-21,90.609,2021
Trollhunters: Rise of the Titans,Family,2021-07-21,90.609,2021
Trollhunters: Rise of the Titans,Action,2021-07-21,90.609,2021
Trollhunters: Rise of the Titans,Adventure,2021-07-21,90.609,2021
The Kissing Booth 2,Comedy,2020-07-24,60.867,2020
The Kissing Booth 2,Romance,2020-07-24,60.867,2020
Back to the Outback,Animation,2021-12-03,158.647,2021
Back to the Outback,Family,2021-12-03,158.647,2021
Back to the Outback,Adventure,2021-12-03,158.647,2021
Back to the Outback,Comedy,2021-12-03,158.647,2021
If Anything Happens I Love You,Drama,2020-08-08,6.943,2020
If Anything Happens I Love You,Animation,2020-08-08,6.943,2020
The Bad Guys,Animation,2022-03-17,669.938,2022
The Bad Guys,Comedy,2022-03-17,669.938,2022
The Bad Guys,Family,2022-03-17,669.938,2022
The Bad Guys,Crime,2022-03-17,669.938,2022
"tick, tick... BOOM!",Drama,2021-11-11,41.609,2021
Elvis,Drama,2022-06-22,364.203,2022
Elvis,History,2022-06-22,364.203,2022
Elvis,Music,2022-06-22,364.203,2022
Onward,Family,2020-02-29,52.864,2020
Onward,Animation,2020-02-29,52.864,2020
Onward,Adventure,2020-02-29,52.864,2020
Onward,Comedy,2020-02-29,52.864,2020
Onward,Fantasy,2020-02-29,52.864,2020
Rurouni Kenshin: The Beginning,Action,2021-06-04,131.667,2021
Rurouni Kenshin: The Beginning,Adventure,2021-06-04,131.667,2021
Rurouni Kenshin: The Beginning,Drama,2021-06-04,131.667,2021
War of Likes,Comedy,2021-03-12,38.23,2021
Godzilla vs. Kong,Action,2021-03-24,260.732,2021
Godzilla vs. Kong,Fantasy,2021-03-24,260.732,2021
Godzilla vs. Kong,Science Fiction,2021-03-24,260.732,2021
The Trial of the Chicago 7,Drama,2020-09-25,15.869,2020
The Trial of the Chicago 7,History,2020-09-25,15.869,2020
The Batman,Crime,2022-03-01,881.595,2022
The Batman,Mystery,2022-03-01,881.595,2022
The Batman,Thriller,2022-03-01,881.595,2022
Z-O-M-B-I-E-S 2,Music,2020-06-13,125.282,2020
Z-O-M-B-I-E-S 2,Romance,2020-06-13,125.282,2020
Z-O-M-B-I-E-S 2,TV Movie,2020-06-13,125.282,2020
Sound of Metal,Drama,2020-11-20,14.749,2020
Sound of Metal,Music,2020-11-20,14.749,2020
The Shadow in My Eye,War,2021-10-28,16.834,2021
The Shadow in My Eye,Drama,2021-10-28,16.834,2021
The Shadow in My Eye,History,2021-10-28,16.834,2021
Wrath of Man,Action,2021-04-22,222.541,2021
Wrath of Man,Crime,2021-04-22,222.541,2021
Wrath of Man,Thriller,2021-04-22,222.541,2021
Another Round,Comedy,2020-09-24,20.247,2020
Another Round,Drama,2020-09-24,20.247,2020
Feel the Beat,Comedy,2020-06-19,15.906,2020
Feel the Beat,Music,2020-06-19,15.906,2020
Feel the Beat,Drama,2020-06-19,15.906,2020
All the Bright Places,Romance,2020-02-28,97.135,2020
All the Bright Places,Drama,2020-02-28,97.135,2020
Sonic the Hedgehog 2,Action,2022-03-30,1713.432,2022
Sonic the Hedgehog 2,Adventure,2022-03-30,1713.432,2022
Sonic the Hedgehog 2,Family,2022-03-30,1713.432,2022
Sonic the Hedgehog 2,Comedy,2022-03-30,1713.432,2022
To All the Boys: Always and Forever,Romance,2021-02-12,56.354,2021
To All the Boys: Always and Forever,Comedy,2021-02-12,56.354,2021
To All the Boys: Always and Forever,Drama,2021-02-12,56.354,2021
Encanto,Animation,2021-11-24,864.184,2021
Encanto,Comedy,2021-11-24,864.184,2021
Encanto,Family,2021-11-24,864.184,2021
Encanto,Fantasy,2021-11-24,864.184,2021
2 Hearts,Romance,2020-10-16,13.173,2020
2 Hearts,Drama,2020-10-16,13.173,2020
Shang-Chi and the Legend of the Ten Rings,Action,2021-09-01,578.648,2021
Shang-Chi and the Legend of the Ten Rings,Adventure,2021-09-01,578.648,2021
Shang-Chi and the Legend of the Ten Rings,Fantasy,2021-09-01,578.648,2021
The Witcher: Nightmare of the Wolf,Animation,2021-08-23,17.601,2021
The Witcher: Nightmare of the Wolf,Action,2021-08-23,17.601,2021
The Witcher: Nightmare of the Wolf,Fantasy,2021-08-23,17.601,2021
Free Guy,Comedy,2021-08-11,289.962,2021
Free Guy,Adventure,2021-08-11,289.962,2021
Free Guy,Science Fiction,2021-08-11,289.962,2021
Work It,Comedy,2020-08-07,15.29,2020
Work It,Music,2020-08-07,15.29,2020
The Hand of God,Drama,2021-11-24,30.222,2021
The Suicide Squad,Action,2021-07-28,308.481,2021
The Suicide Squad,Comedy,2021-07-28,308.481,2021
The Suicide Squad,Adventure,2021-07-28,308.481,2021
The Suicide Squad,Science Fiction,2021-07-28,308.481,2021
The Sea Beast,Animation,2022-06-24,1723.363,2022
The Sea Beast,Adventure,2022-06-24,1723.363,2022
The Sea Beast,Family,2022-06-24,1723.363,2022
The Sea Beast,Fantasy,2022-06-24,1723.363,2022
I Still Believe,Music,2020-03-12,71.182,2020
I Still Believe,Drama,2020-03-12,71.182,2020
I Still Believe,Romance,2020-03-12,71.182,2020
The Worst Person in the World,Comedy,2021-10-13,40.398,2021
The Worst Person in the World,Drama,2021-10-13,40.398,2021
The Worst Person in the World,Romance,2021-10-13,40.398,2021
Injustice,Animation,2021-10-09,115.331,2021
Injustice,Science Fiction,2021-10-09,115.331,2021
Injustice,Fantasy,2021-10-09,115.331,2021
Injustice,Action,2021-10-09,115.331,2021
Ghostbusters: Afterlife,Fantasy,2021-11-11,368.083,2021
Ghostbusters: Afterlife,Comedy,2021-11-11,368.083,2021
Ghostbusters: Afterlife,Adventure,2021-11-11,368.083,2021
The Call,Thriller,2020-11-27,38.186,2020
The Call,Mystery,2020-11-27,38.186,2020
The Call,Science Fiction,2020-11-27,38.186,2020
The Conjuring: The Devil Made Me Do It,Horror,2021-05-25,309.43,2021
The Conjuring: The Devil Made Me Do It,Mystery,2021-05-25,309.43,2021
The Conjuring: The Devil Made Me Do It,Thriller,2021-05-25,309.43,2021
Justice Society: World War II,Animation,2021-04-27,71.426,2021
Justice Society: World War II,War,2021-04-27,71.426,2021
Justice Society: World War II,Science Fiction,2021-04-27,71.426,2021
Fatherhood,Drama,2021-06-18,90.377,2021
Fatherhood,Comedy,2021-06-18,90.377,2021
The SpongeBob Movie: Sponge on the Run,Family,2020-08-14,197.987,2020
The SpongeBob Movie: Sponge on the Run,Animation,2020-08-14,197.987,2020
The SpongeBob Movie: Sponge on the Run,Fantasy,2020-08-14,197.987,2020
The SpongeBob Movie: Sponge on the Run,Adventure,2020-08-14,197.987,2020
The SpongeBob Movie: Sponge on the Run,Comedy,2020-08-14,197.987,2020
The Wolf and the Lion,Family,2021-10-13,23.249,2021
The Wolf and the Lion,Adventure,2021-10-13,23.249,2021
Father Stu,Drama,2022-04-13,872.611,2022
"Batman: The Long Halloween, Part One",Animation,2021-06-21,60.285,2021
"Batman: The Long Halloween, Part One",Mystery,2021-06-21,60.285,2021
"Batman: The Long Halloween, Part One",Action,2021-06-21,60.285,2021
"Batman: The Long Halloween, Part One",Crime,2021-06-21,60.285,2021
Blue Miracle,Adventure,2021-05-27,16.237,2021
Blue Miracle,Drama,2021-05-27,16.237,2021
Blue Miracle,Family,2021-05-27,16.237,2021
A Quiet Place Part II,Science Fiction,2021-05-21,252.866,2021
A Quiet Place Part II,Thriller,2021-05-21,252.866,2021
A Quiet Place Part II,Horror,2021-05-21,252.866,2021
The Call of the Wild,Adventure,2020-02-19,39.469,2020
The Call of the Wild,Family,2020-02-19,39.469,2020
The Call of the Wild,Drama,2020-02-19,39.469,2020
The Banker,Drama,2020-03-06,36.002,2020
"Batman: The Long Halloween, Part Two",Animation,2021-07-26,61.151,2021
"Batman: The Long Halloween, Part Two",Mystery,2021-07-26,61.151,2021
"Batman: The Long Halloween, Part Two",Action,2021-07-26,61.151,2021
"Batman: The Long Halloween, Part Two",Crime,2021-07-26,61.151,2021
Big Time Adolescence,Comedy,2020-03-13,10.845,2020
The Croods: A New Age,Animation,2020-11-25,231.87,2020
The Croods: A New Age,Family,2020-11-25,231.87,2020
The Croods: A New Age,Adventure,2020-11-25,231.87,2020
The Croods: A New Age,Fantasy,2020-11-25,231.87,2020
The Croods: A New Age,Comedy,2020-11-25,231.87,2020
The Last Full Measure,War,2020-01-23,11.29,2020
The Last Full Measure,Drama,2020-01-23,11.29,2020
My Hero Academia: World Heroes' Mission,Animation,2021-08-06,605.722,2021
My Hero Academia: World Heroes' Mission,Action,2021-08-06,605.722,2021
My Hero Academia: World Heroes' Mission,Adventure,2021-08-06,605.722,2021
My Hero Academia: World Heroes' Mission,Science Fiction,2021-08-06,605.722,2021
Crush,Comedy,2022-04-29,188.819,2022
Crush,Romance,2022-04-29,188.819,2022
Persian Lessons,War,2020-04-17,14.477,2020
Persian Lessons,Drama,2020-04-17,14.477,2020
C'mon C'mon,Drama,2021-11-19,49.542,2021
The Boss Baby: Family Business,Animation,2021-07-01,462.726,2021
The Boss Baby: Family Business,Comedy,2021-07-01,462.726,2021
The Boss Baby: Family Business,Adventure,2021-07-01,462.726,2021
The Boss Baby: Family Business,Family,2021-07-01,462.726,2021
Lost Illusions,Drama,2021-10-20,6.741,2021
Lost Illusions,Romance,2021-10-20,6.741,2021
The Hating Game,Romance,2021-12-09,28.465,2021
The Hating Game,Comedy,2021-12-09,28.465,2021
The Unforgivable,Drama,2021-11-24,84.706,2021
The Unforgivable,Crime,2021-11-24,84.706,2021
Stargirl,Comedy,2020-03-10,16.658,2020
Stargirl,Drama,2020-03-10,16.658,2020
Stargirl,Romance,2020-03-10,16.658,2020
Stargirl,Family,2020-03-10,16.658,2020
The Last Duel,Action,2021-10-13,137.996,2021
The Last Duel,Drama,2021-10-13,137.996,2021
The Last Duel,History,2021-10-13,137.996,2021
Promising Young Woman,Thriller,2020-12-13,24.117,2020
Promising Young Woman,Crime,2020-12-13,24.117,2020
Promising Young Woman,Drama,2020-12-13,24.117,2020
Vivo,Animation,2021-07-30,88.647,2021
Vivo,Family,2021-07-30,88.647,2021
Vivo,Comedy,2021-07-30,88.647,2021
Jungle Cruise,Action,2021-07-28,222.832,2021
Jungle Cruise,Adventure,2021-07-28,222.832,2021
Jungle Cruise,Fantasy,2021-07-28,222.832,2021
Ciao Alberto,Animation,2021-11-12,185.274,2021
Ciao Alberto,Comedy,2021-11-12,185.274,2021
Ciao Alberto,Family,2021-11-12,185.274,2021
Ciao Alberto,Fantasy,2021-11-12,185.274,2021
Doctor Strange in the Multiverse of Madness,Fantasy,2022-05-04,4289.605,2022
Doctor Strange in the Multiverse of Madness,Action,2022-05-04,4289.605,2022
Doctor Strange in the Multiverse of Madness,Adventure,2022-05-04,4289.605,2022
A Boy Called Christmas,Family,2021-11-25,60.608,2021
A Boy Called Christmas,Adventure,2021-11-25,60.608,2021
A Boy Called Christmas,Fantasy,2021-11-25,60.608,2021
Turning Red,Animation,2022-03-10,1100.986,2022
Turning Red,Family,2022-03-10,1100.986,2022
Turning Red,Comedy,2022-03-10,1100.986,2022
Turning Red,Fantasy,2022-03-10,1100.986,2022
Minions: The Rise of Gru,Family,2022-06-29,8821.801,2022
Minions: The Rise of Gru,Animation,2022-06-29,8821.801,2022
Minions: The Rise of Gru,Adventure,2022-06-29,8821.801,2022
Minions: The Rise of Gru,Comedy,2022-06-29,8821.801,2022
Minions: The Rise of Gru,Fantasy,2022-06-29,8821.801,2022
The Mauritanian,Drama,2021-02-10,15.331,2021
The Mauritanian,Thriller,2021-02-10,15.331,2021
Maggie Simpson in Playdate with Destiny,Animation,2020-02-29,29.927,2020
Maggie Simpson in Playdate with Destiny,Comedy,2020-02-29,29.927,2020
Maggie Simpson in Playdate with Destiny,Family,2020-02-29,29.927,2020
Maggie Simpson in Playdate with Destiny,Romance,2020-02-29,29.927,2020
The Fallout,Drama,2022-01-28,128.349,2022
South Park: Post COVID: The Return of COVID,Animation,2021-12-16,19.735,2021
South Park: Post COVID: The Return of COVID,Comedy,2021-12-16,19.735,2021
South Park: Post COVID: The Return of COVID,TV Movie,2021-12-16,19.735,2021
Last Night in Soho,Thriller,2021-10-21,119.322,2021
Last Night in Soho,Horror,2021-10-21,119.322,2021
Last Night in Soho,Mystery,2021-10-21,119.322,2021
18 Presents,Drama,2020-01-02,11.108,2020
18 Presents,Fantasy,2020-01-02,11.108,2020
The Last Letter From Your Lover,Drama,2021-07-23,29.987,2021
The Last Letter From Your Lover,Romance,2021-07-23,29.987,2021
The Stronghold,Thriller,2021-08-18,100.742,2021
The Stronghold,Action,2021-08-18,100.742,2021
The Stronghold,Crime,2021-08-18,100.742,2021
Through My Window,Romance,2022-02-04,236.503,2022
Through My Window,Drama,2022-02-04,236.503,2022
Uncle Frank,Drama,2020-11-25,10.852,2020
Chemical Hearts,Drama,2020-08-21,52.816,2020
Chemical Hearts,Romance,2020-08-21,52.816,2020
The One and Only Ivan,Family,2020-08-21,11.229,2020
The One and Only Ivan,Comedy,2020-08-21,11.229,2020
The One and Only Ivan,Drama,2020-08-21,11.229,2020
No Time to Die,Adventure,2021-09-29,200.651,2021
No Time to Die,Action,2021-09-29,200.651,2021
No Time to Die,Thriller,2021-09-29,200.651,2021
Spirit Untamed,Animation,2021-05-20,150.453,2021
Spirit Untamed,Adventure,2021-05-20,150.453,2021
Spirit Untamed,Family,2021-05-20,150.453,2021
Spirit Untamed,Western,2021-05-20,150.453,2021
Monster Pets: A Hotel Transylvania Short,Animation,2021-04-02,162.524,2021
Monster Pets: A Hotel Transylvania Short,Comedy,2021-04-02,162.524,2021
Monster Pets: A Hotel Transylvania Short,Fantasy,2021-04-02,162.524,2021
Kingdom: Ashin of the North,Drama,2021-07-23,70.239,2021
Kingdom: Ashin of the North,Fantasy,2021-07-23,70.239,2021
Kingdom: Ashin of the North,Thriller,2021-07-23,70.239,2021
Black Box,Mystery,2021-09-08,14.839,2021
Black Box,Thriller,2021-09-08,14.839,2021
Black Box,Drama,2021-09-08,14.839,2021
"The Simpsons: The Good, the Bart, and the Loki",Animation,2021-07-07,163.765,2021
"The Simpsons: The Good, the Bart, and the Loki",Comedy,2021-07-07,163.765,2021
"The Simpsons: The Good, the Bart, and the Loki",Family,2021-07-07,163.765,2021
Just Another Christmas,Comedy,2020-12-03,6.758,2020
Just Another Christmas,Family,2020-12-03,6.758,2020
PAW Patrol: The Movie,Animation,2021-08-09,323.229,2021
PAW Patrol: The Movie,Family,2021-08-09,323.229,2021
PAW Patrol: The Movie,Adventure,2021-08-09,323.229,2021
PAW Patrol: The Movie,Comedy,2021-08-09,323.229,2021
Cherry,Drama,2021-02-26,63.778,2021
Cherry,Crime,2021-02-26,63.778,2021
Dog,Drama,2022-02-17,1506.438,2022
Dog,Comedy,2022-02-17,1506.438,2022
Moxie,Comedy,2021-03-03,18.075,2021
Moxie,Drama,2021-03-03,18.075,2021
Moxie,Music,2021-03-03,18.075,2021
Black Widow,Action,2021-07-07,284.897,2021
Black Widow,Adventure,2021-07-07,284.897,2021
Black Widow,Science Fiction,2021-07-07,284.897,2021
Greyhound,War,2020-07-10,23.098,2020
Greyhound,Action,2020-07-10,23.098,2020
Greyhound,Drama,2020-07-10,23.098,2020
Minari,Drama,2021-02-12,14.076,2021
Judas and the Black Messiah,Drama,2021-02-12,17.455,2021
Judas and the Black Messiah,History,2021-02-12,17.455,2021
Trolls World Tour,Family,2020-03-11,72.829,2020
Trolls World Tour,Animation,2020-03-11,72.829,2020
Trolls World Tour,Comedy,2020-03-11,72.829,2020
Trolls World Tour,Fantasy,2020-03-11,72.829,2020
Trolls World Tour,Adventure,2020-03-11,72.829,2020
Trolls World Tour,Music,2020-03-11,72.829,2020
Drive My Car,Drama,2021-08-18,20.21,2021
Phineas and Ferb: The Movie: Candace Against the Universe,Family,2020-08-28,64.959,2020
Phineas and Ferb: The Movie: Candace Against the Universe,Animation,2020-08-28,64.959,2020
Phineas and Ferb: The Movie: Candace Against the Universe,Science Fiction,2020-08-28,64.959,2020
Phineas and Ferb: The Movie: Candace Against the Universe,Comedy,2020-08-28,64.959,2020
Phineas and Ferb: The Movie: Candace Against the Universe,TV Movie,2020-08-28,64.959,2020
Run,Thriller,2020-11-20,26.026,2020
Run,Horror,2020-11-20,26.026,2020
Run,Drama,2020-11-20,26.026,2020
Freaks Out,Adventure,2021-10-28,19.216,2021
Freaks Out,Action,2021-10-28,19.216,2021
Freaks Out,Science Fiction,2021-10-28,19.216,2021
Father There Is Only One 2,Comedy,2020-07-29,337.486,2020
Father There Is Only One 2,Family,2020-07-29,337.486,2020
Love and Monsters,Comedy,2020-10-16,36.32,2020
Love and Monsters,Action,2020-10-16,36.32,2020
Love and Monsters,Adventure,2020-10-16,36.32,2020
Love and Monsters,Fantasy,2020-10-16,36.32,2020
Summer of 85,Romance,2020-07-14,11.979,2020
Summer of 85,Drama,2020-07-14,11.979,2020
Sonic the Hedgehog,Action,2020-02-12,152.261,2020
Sonic the Hedgehog,Science Fiction,2020-02-12,152.261,2020
Sonic the Hedgehog,Comedy,2020-02-12,152.261,2020
Sonic the Hedgehog,Family,2020-02-12,152.261,2020
Happiest Season,Romance,2020-11-26,15.287,2020
Happiest Season,Comedy,2020-11-26,15.287,2020
Extraction,Drama,2020-04-24,47.923,2020
Extraction,Action,2020-04-24,47.923,2020
Extraction,Thriller,2020-04-24,47.923,2020
Swan Song,Drama,2021-12-17,48.457,2021
Swan Song,Science Fiction,2021-12-17,48.457,2021
Two Distant Strangers,Drama,2021-04-09,8.334,2021
Enola Holmes,Mystery,2020-09-23,52.3,2020
Enola Holmes,Crime,2020-09-23,52.3,2020
Enola Holmes,Adventure,2020-09-23,52.3,2020
Bye Bye Morons,Comedy,2020-10-21,8.06,2020
Bye Bye Morons,Drama,2020-10-21,8.06,2020
#Alive,Action,2020-06-24,70.161,2020
#Alive,Horror,2020-06-24,70.161,2020
#Alive,Thriller,2020-06-24,70.161,2020
In the Heights,Drama,2021-06-10,16.982,2021
In the Heights,Music,2021-06-10,16.982,2021
In the Heights,Romance,2021-06-10,16.982,2021
Don't Breathe 2,Thriller,2021-08-12,211.991,2021
Don't Breathe 2,Horror,2021-08-12,211.991,2021
Lightyear,Animation,2022-06-15,5255.93,2022
Lightyear,Science Fiction,2022-06-15,5255.93,2022
Lightyear,Adventure,2022-06-15,5255.93,2022
Lightyear,Action,2022-06-15,5255.93,2022
Lightyear,Family,2022-06-15,5255.93,2022
Palm Springs,Comedy,2020-07-10,18.189,2020
Palm Springs,Romance,2020-07-10,18.189,2020
Palm Springs,Science Fiction,2020-07-10,18.189,2020
Over the Moon,Animation,2020-10-16,64.443,2020
Over the Moon,Adventure,2020-10-16,64.443,2020
Over the Moon,Family,2020-10-16,64.443,2020
Over the Moon,Fantasy,2020-10-16,64.443,2020
Riders of Justice,Action,2020-11-19,17.51,2020
Riders of Justice,Comedy,2020-11-19,17.51,2020
Riders of Justice,Drama,2020-11-19,17.51,2020
The Secret: Dare to Dream,Drama,2020-04-16,15.613,2020
The Secret: Dare to Dream,Romance,2020-04-16,15.613,2020
Clifford the Big Red Dog,Family,2021-11-10,371.367,2021
Clifford the Big Red Dog,Adventure,2021-11-10,371.367,2021
Clifford the Big Red Dog,Comedy,2021-11-10,371.367,2021
Clifford the Big Red Dog,Fantasy,2021-11-10,371.367,2021
Resort to Love,Romance,2021-07-29,36.291,2021
Resort to Love,Comedy,2021-07-29,36.291,2021
The King's Daughter,Fantasy,2022-01-21,62.494,2022
The King's Daughter,Drama,2022-01-21,62.494,2022
The King's Daughter,Romance,2022-01-21,62.494,2022
The King's Daughter,History,2022-01-21,62.494,2022
Superman: Red Son,Science Fiction,2020-02-24,14.833,2020
Superman: Red Son,Animation,2020-02-24,14.833,2020
Superman: Red Son,Action,2020-02-24,14.833,2020
Escape from Pretoria,Drama,2020-03-06,13.101,2020
Escape from Pretoria,History,2020-03-06,13.101,2020
Escape from Pretoria,Thriller,2020-03-06,13.101,2020
Old Henry,Action,2021-10-01,13.922,2021
Old Henry,Western,2021-10-01,13.922,2021
Old Henry,Thriller,2021-10-01,13.922,2021
Lamp Life,Animation,2020-01-31,24.856,2020
Lamp Life,Comedy,2020-01-31,24.856,2020
Lamp Life,Family,2020-01-31,24.856,2020
Fear Street: 1666,Mystery,2021-07-14,94.754,2021
Fear Street: 1666,Horror,2021-07-14,94.754,2021
Fear Street: 1978,Mystery,2021-07-08,123.101,2021
Fear Street: 1978,Horror,2021-07-08,123.101,2021
The Devil All the Time,Crime,2020-09-11,21.733,2020
The Devil All the Time,Drama,2020-09-11,21.733,2020
The Devil All the Time,Thriller,2020-09-11,21.733,2020
Nomadland,Drama,2020-12-04,24.905,2020
Memory,Action,2022-04-28,1035.835,2022
Memory,Thriller,2022-04-28,1035.835,2022
Memory,Crime,2022-04-28,1035.835,2022
Upside-Down Magic,Fantasy,2020-07-31,71.498,2020
Upside-Down Magic,Family,2020-07-31,71.498,2020
Upside-Down Magic,TV Movie,2020-07-31,71.498,2020
F9,Action,2021-05-19,238.641,2021
F9,Crime,2021-05-19,238.641,2021
F9,Thriller,2021-05-19,238.641,2021
Batman: Death in the Family,Animation,2020-10-13,70.9,2020
Batman: Death in the Family,Action,2020-10-13,70.9,2020
After We Collided,Romance,2020-09-02,239.275,2020
After We Collided,Drama,2020-09-02,239.275,2020
Superman: Man of Tomorrow,Animation,2020-08-23,30.865,2020
Superman: Man of Tomorrow,Action,2020-08-23,30.865,2020
Superman: Man of Tomorrow,Science Fiction,2020-08-23,30.865,2020
Tenet,Action,2020-08-22,75.61,2020
Tenet,Thriller,2020-08-22,75.61,2020
Tenet,Science Fiction,2020-08-22,75.61,2020
Peter Rabbit 2: The Runaway,Family,2021-03-25,130.318,2021
Peter Rabbit 2: The Runaway,Comedy,2021-03-25,130.318,2021
Peter Rabbit 2: The Runaway,Adventure,2021-03-25,130.318,2021
Peter Rabbit 2: The Runaway,Animation,2021-03-25,130.318,2021
Peter Rabbit 2: The Runaway,Fantasy,2021-03-25,130.318,2021
Crazy About Her,Comedy,2021-02-26,27.672,2021
Crazy About Her,Romance,2021-02-26,27.672,2021
The Northman,Action,2022-04-07,949.779,2022
The Northman,Adventure,2022-04-07,949.779,2022
The Northman,Fantasy,2022-04-07,949.779,2022
The In Between,Romance,2022-02-11,191.054,2022
The In Between,Science Fiction,2022-02-11,191.054,2022
The In Between,Drama,2022-02-11,191.054,2022
The Old Guard,Action,2020-07-10,21.039,2020
The Old Guard,Fantasy,2020-07-10,21.039,2020
Never Rarely Sometimes Always,Drama,2020-03-13,10.201,2020
Don't Look Up,Comedy,2021-12-07,129.063,2021
Don't Look Up,Drama,2021-12-07,129.063,2021
Don't Look Up,Science Fiction,2021-12-07,129.063,2021
The French Dispatch,Comedy,2021-10-21,42.61,2021
The French Dispatch,Drama,2021-10-21,42.61,2021
The French Dispatch,Romance,2021-10-21,42.61,2021
The Broken Hearts Gallery,Comedy,2020-09-11,13.324,2020
The Broken Hearts Gallery,Romance,2020-09-11,13.324,2020
The Forever Purge,Horror,2021-06-30,195.692,2021
The Forever Purge,Action,2021-06-30,195.692,2021
The Forever Purge,Thriller,2021-06-30,195.692,2021
Scoob!,Animation,2020-07-09,54.053,2020
Scoob!,Family,2020-07-09,54.053,2020
Scoob!,Comedy,2020-07-09,54.053,2020
Scoob!,Adventure,2020-07-09,54.053,2020
The Map of Tiny Perfect Things,Fantasy,2021-02-12,17.884,2021
The Map of Tiny Perfect Things,Romance,2021-02-12,17.884,2021
Time to Hunt,Drama,2020-02-22,19.073,2020
Time to Hunt,Action,2020-02-22,19.073,2020
Time to Hunt,Thriller,2020-02-22,19.073,2020
Mortal Kombat,Action,2021-04-07,365.254,2021
Mortal Kombat,Fantasy,2021-04-07,365.254,2021
Mortal Kombat,Adventure,2021-04-07,365.254,2021
Belfast,Drama,2021-11-12,19.343,2021
Bad Boys for Life,Thriller,2020-01-15,82.693,2020
Bad Boys for Life,Action,2020-01-15,82.693,2020
Bad Boys for Life,Crime,2020-01-15,82.693,2020
Vicky and Her Mystery,Adventure,2021-12-15,96.467,2021
Vicky and Her Mystery,Family,2021-12-15,96.467,2021
Vicky and Her Mystery,Drama,2021-12-15,96.467,2021
Minnal Murali,Action,2021-12-24,60.858,2021
Minnal Murali,Adventure,2021-12-24,60.858,2021
Minnal Murali,Comedy,2021-12-24,60.858,2021
Shiva Baby,Comedy,2021-04-02,13.108,2021
Shiva Baby,Drama,2021-04-02,13.108,2021
The Forgotten Battle,War,2021-06-05,38.304,2021
The Forgotten Battle,History,2021-06-05,38.304,2021
The Forgotten Battle,Drama,2021-06-05,38.304,2021
Secret Magic Control Agency,Animation,2021-03-18,51.999,2021
Secret Magic Control Agency,Comedy,2021-03-18,51.999,2021
Secret Magic Control Agency,Fantasy,2021-03-18,51.999,2021
The Half of It,Comedy,2020-05-01,19.97,2020
The Half of It,Romance,2020-05-01,19.97,2020
The Half of It,Drama,2020-05-01,19.97,2020
Greenland,Action,2020-07-29,71.499,2020
Greenland,Thriller,2020-07-29,71.499,2020
Greenland,Drama,2020-07-29,71.499,2020
West Side Story,Drama,2021-12-08,86.601,2021
West Side Story,Romance,2021-12-08,86.601,2021
West Side Story,Crime,2021-12-08,86.601,2021
After We Fell,Romance,2021-09-01,336.696,2021
After We Fell,Drama,2021-09-01,336.696,2021
The Mad Women's Ball,Drama,2021-09-12,39.598,2021
The Mad Women's Ball,Thriller,2021-09-12,39.598,2021
The Mad Women's Ball,History,2021-09-12,39.598,2021
Vacation Friends,Comedy,2021-08-27,49.764,2021
Space Sweepers,Drama,2021-02-05,67.829,2021
Space Sweepers,Fantasy,2021-02-05,67.829,2021
Space Sweepers,Science Fiction,2021-02-05,67.829,2021
The Invisible Man,Thriller,2020-02-26,32.194,2020
The Invisible Man,Science Fiction,2020-02-26,32.194,2020
The Invisible Man,Horror,2020-02-26,32.194,2020
Chip 'n Dale: Rescue Rangers,Animation,2022-05-18,419.018,2022
Chip 'n Dale: Rescue Rangers,Family,2022-05-18,419.018,2022
Chip 'n Dale: Rescue Rangers,Comedy,2022-05-18,419.018,2022
Chip 'n Dale: Rescue Rangers,Adventure,2022-05-18,419.018,2022
Chip 'n Dale: Rescue Rangers,Mystery,2022-05-18,419.018,2022
Uncharted,Action,2022-02-10,957.479,2022
Uncharted,Adventure,2022-02-10,957.479,2022
My Boyfriend's Meds,Comedy,2020-02-14,11.439,2020
The Old Ways,Horror,2020-10-16,11.687,2020
The Old Ways,Fantasy,2020-10-16,11.687,2020
Penguin Bloom,Drama,2021-01-21,19.156,2021
The Willoughbys,Animation,2020-04-22,22.017,2020
The Willoughbys,Comedy,2020-04-22,22.017,2020
The Willoughbys,Family,2020-04-22,22.017,2020
Hotel Transylvania: Transformania,Animation,2022-02-25,690.201,2022
Hotel Transylvania: Transformania,Family,2022-02-25,690.201,2022
Hotel Transylvania: Transformania,Fantasy,2022-02-25,690.201,2022
Hotel Transylvania: Transformania,Comedy,2022-02-25,690.201,2022
Hotel Transylvania: Transformania,Adventure,2022-02-25,690.201,2022
Fear of Rain,Thriller,2021-02-12,42.276,2021
Fear of Rain,Horror,2021-02-12,42.276,2021
Fear of Rain,Drama,2021-02-12,42.276,2021
The Monkey King: Reborn,Animation,2021-04-02,13.335,2021
The Monkey King: Reborn,Action,2021-04-02,13.335,2021
The Monkey King: Reborn,Fantasy,2021-04-02,13.335,2021
Unpregnant,Drama,2020-09-10,11.273,2020
Unpregnant,Comedy,2020-09-10,11.273,2020
The Addams Family 2,Animation,2021-10-01,232.415,2021
The Addams Family 2,Adventure,2021-10-01,232.415,2021
The Addams Family 2,Comedy,2021-10-01,232.415,2021
The Addams Family 2,Family,2021-10-01,232.415,2021
I Hate Summer,Comedy,2020-01-30,7.947,2020
7 Prisoners,Drama,2021-10-22,86.827,2021
7 Prisoners,Crime,2021-10-22,86.827,2021
The Princess,Fantasy,2022-06-16,2456.15,2022
The Princess,Action,2022-06-16,2456.15,2022
The World to Come,Romance,2021-02-12,36.313,2021
The World to Come,Drama,2021-02-12,36.313,2021
The World to Come,Western,2021-02-12,36.313,2021
The Adam Project,Action,2022-03-11,337.443,2022
The Adam Project,Adventure,2022-03-11,337.443,2022
The Adam Project,Comedy,2022-03-11,337.443,2022
The Adam Project,Science Fiction,2022-03-11,337.443,2022
The Kissing Booth 3,Romance,2021-08-11,105.389,2021
The Kissing Booth 3,Comedy,2021-08-11,105.389,2021
The Electrical Life of Louis Wain,Drama,2021-10-21,19.656,2021
The Electrical Life of Louis Wain,History,2021-10-21,19.656,2021
The Electrical Life of Louis Wain,Comedy,2021-10-21,19.656,2021
The Outfit,Crime,2022-03-03,460.021,2022
The Outfit,Drama,2022-03-03,460.021,2022
The Outfit,Thriller,2022-03-03,460.021,2022
Pieces of a Woman,Drama,2020-12-30,10.502,2020
The Starling,Drama,2021-09-17,28.344,2021
A Fall from Grace,Drama,2020-01-17,13.235,2020
A Fall from Grace,Fantasy,2020-01-17,13.235,2020
A Fall from Grace,Thriller,2020-01-17,13.235,2020
Licorice Pizza,Drama,2021-11-26,30.111,2021
Licorice Pizza,Comedy,2021-11-26,30.111,2021
Eternals,Science Fiction,2021-11-03,449.695,2021
Eternals,Action,2021-11-03,449.695,2021
Eternals,Adventure,2021-11-03,449.695,2021
Ammonite,Romance,2020-11-13,16.397,2020
Ammonite,Drama,2020-11-13,16.397,2020
The High Note,Romance,2020-06-10,11.67,2020
The High Note,Comedy,2020-06-10,11.67,2020
The High Note,Music,2020-06-10,11.67,2020
The High Note,Drama,2020-06-10,11.67,2020
The Courier,Thriller,2021-03-18,65.383,2021
The Courier,History,2021-03-18,65.383,2021
The Courier,Drama,2021-03-18,65.383,2021
Holidate,Comedy,2020-10-27,20.261,2020
Holidate,Romance,2020-10-27,20.261,2020
Tom Clancy's Without Remorse,Action,2021-04-29,98.968,2021
Tom Clancy's Without Remorse,Thriller,2021-04-29,98.968,2021
One Night in Miami...,Drama,2020-12-25,10.246,2020
Rose Island,Comedy,2020-12-09,10.509,2020
Rose Island,Adventure,2020-12-09,10.509,2020
Emma.,Comedy,2020-02-13,46.678,2020
Emma.,Romance,2020-02-13,46.678,2020
Love Hard,Comedy,2021-11-05,15.559,2021
Love Hard,Romance,2021-11-05,15.559,2021
22 vs. Earth,Family,2021-04-30,104.509,2021
22 vs. Earth,Comedy,2021-04-30,104.509,2021
22 vs. Earth,Fantasy,2021-04-30,104.509,2021
22 vs. Earth,Animation,2021-04-30,104.509,2021
AINBO: Spirit of the Amazon,Adventure,2021-02-09,130.092,2021
AINBO: Spirit of the Amazon,Animation,2021-02-09,130.092,2021
AINBO: Spirit of the Amazon,Family,2021-02-09,130.092,2021
AINBO: Spirit of the Amazon,Fantasy,2021-02-09,130.092,2021
Malcolm & Marie,Drama,2021-01-29,23.717,2021
Malcolm & Marie,Romance,2021-01-29,23.717,2021
The King of Staten Island,Comedy,2020-07-22,14.936,2020
The King of Staten Island,Drama,2020-07-22,14.936,2020
Jurassic World Dominion,Adventure,2022-06-01,10436.917,2022
Jurassic World Dominion,Action,2022-06-01,10436.917,2022
Jurassic World Dominion,Science Fiction,2022-06-01,10436.917,2022
Blood Red Sky,Horror,2021-07-23,64.313,2021
Blood Red Sky,Thriller,2021-07-23,64.313,2021
Blood Red Sky,Action,2021-07-23,64.313,2021
Spencer,Drama,2021-11-04,29.135,2021
365 Days,Romance,2020-02-07,54.317,2020
365 Days,Drama,2020-02-07,54.317,2020
Nightmare Alley,Crime,2021-12-02,184.853,2021
Nightmare Alley,Drama,2021-12-02,184.853,2021
Nightmare Alley,Thriller,2021-12-02,184.853,2021
First Cow,Drama,2020-03-06,15.047,2020
First Cow,Western,2020-03-06,15.047,2020
The Exorcism of God,Horror,2022-03-11,1837.94,2022
Batman: Soul of the Dragon,Animation,2021-01-12,36.384,2021
Batman: Soul of the Dragon,Action,2021-01-12,36.384,2021
Batman: Soul of the Dragon,Adventure,2021-01-12,36.384,2021
Batman: Soul of the Dragon,Crime,2021-01-12,36.384,2021
Batman: Soul of the Dragon,Fantasy,2021-01-12,36.384,2021
The Medium,Horror,2021-07-14,125.551,2021
The Medium,Thriller,2021-07-14,125.551,2021
News of the World,Drama,2020-12-25,18.685,2020
News of the World,Western,2020-12-25,18.685,2020
News of the World,Adventure,2020-12-25,18.685,2020
News of the World,Action,2020-12-25,18.685,2020
The House,Animation,2022-01-14,248.175,2022
The House,Drama,2022-01-14,248.175,2022
The House,Comedy,2022-01-14,248.175,2022
The House,Horror,2022-01-14,248.175,2022
The House,Fantasy,2022-01-14,248.175,2022
The Unbearable Weight of Massive Talent,Action,2022-04-20,471.442,2022
The Unbearable Weight of Massive Talent,Comedy,2022-04-20,471.442,2022
The Unbearable Weight of Massive Talent,Crime,2022-04-20,471.442,2022
Photocopier,Drama,2021-10-08,54.805,2021
Photocopier,Mystery,2021-10-08,54.805,2021
Photocopier,Thriller,2021-10-08,54.805,2021
Bruised,Drama,2021-11-17,37.169,2021
The Ice Road,Action,2021-06-24,33.405,2021
The Ice Road,Thriller,2021-06-24,33.405,2021
Birds of Prey (and the Fantabulous Emancipation of One Harley Quinn),Action,2020-02-05,107.968,2020
Birds of Prey (and the Fantabulous Emancipation of One Harley Quinn),Crime,2020-02-05,107.968,2020
Sightless,Thriller,2020-09-29,12.326,2020
Sightless,Horror,2020-09-29,12.326,2020
Out of My League,Romance,2020-10-22,12.35,2020
Out of My League,Comedy,2020-10-22,12.35,2020
Space Jam: A New Legacy,Family,2021-07-08,211.516,2021
Space Jam: A New Legacy,Animation,2021-07-08,211.516,2021
Space Jam: A New Legacy,Comedy,2021-07-08,211.516,2021
Space Jam: A New Legacy,Science Fiction,2021-07-08,211.516,2021
Spontaneous,Comedy,2020-10-02,15.588,2020
Spontaneous,Horror,2020-10-02,15.588,2020
Tom & Jerry,Comedy,2021-02-10,163.036,2021
Tom & Jerry,Family,2021-02-10,163.036,2021
Tom & Jerry,Animation,2021-02-10,163.036,2021
Resistance,War,2020-03-27,15.682,2020
Resistance,History,2020-03-27,15.682,2020
Resistance,Drama,2020-03-27,15.682,2020
Venom: Let There Be Carnage,Science Fiction,2021-09-30,558.976,2021
Venom: Let There Be Carnage,Action,2021-09-30,558.976,2021
Venom: Let There Be Carnage,Adventure,2021-09-30,558.976,2021
Dragonheart: Vengeance,Fantasy,2020-02-04,42.744,2020
Dragonheart: Vengeance,Action,2020-02-04,42.744,2020
Dragonheart: Vengeance,Adventure,2020-02-04,42.744,2020
A Week Away,Drama,2021-03-26,25.106,2021
A Week Away,Family,2021-03-26,25.106,2021
A Week Away,Music,2021-03-26,25.106,2021
A Week Away,Romance,2021-03-26,25.106,2021
Witch Hunt,Fantasy,2021-10-01,103.506,2021
Witch Hunt,Horror,2021-10-01,103.506,2021
Witch Hunt,Thriller,2021-10-01,103.506,2021
Witch Hunt,Drama,2021-10-01,103.506,2021
The Vault,Crime,2021-03-04,112.393,2021
The Vault,Action,2021-03-04,112.393,2021
The Vault,Thriller,2021-03-04,112.393,2021
The White Tiger,Drama,2021-01-13,15.331,2021
Mulan,Adventure,2020-09-04,139.788,2020
Mulan,Fantasy,2020-09-04,139.788,2020
Mulan,Drama,2020-09-04,139.788,2020
The Marksman,Action,2021-01-15,116.407,2021
The Marksman,Thriller,2021-01-15,116.407,2021
Marry Me,Romance,2022-02-09,142.553,2022
Marry Me,Comedy,2022-02-09,142.553,2022
Marry Me,Music,2022-02-09,142.553,2022
The Tragedy of Macbeth,Drama,2021-12-05,16.626,2021
The Tragedy of Macbeth,War,2021-12-05,16.626,2021
Isi & Ossi,Romance,2020-02-14,22.898,2020
Isi & Ossi,Comedy,2020-02-14,22.898,2020
Adú,Drama,2020-01-31,9.624,2020
Fresh,Horror,2022-03-03,73.71,2022
Fresh,Thriller,2022-03-03,73.71,2022
Ambulance,Action,2022-03-16,377.595,2022
Ambulance,Thriller,2022-03-16,377.595,2022
Ambulance,Crime,2022-03-16,377.595,2022
Let Him Go,Drama,2020-11-05,12.438,2020
Let Him Go,Thriller,2020-11-05,12.438,2020
Let Him Go,Crime,2020-11-05,12.438,2020
Let Him Go,Western,2020-11-05,12.438,2020
The Princess Switch 3: Romancing the Star,Romance,2021-11-18,34.201,2021
The Princess Switch 3: Romancing the Star,Comedy,2021-11-18,34.201,2021
Supernova,Romance,2020-11-20,26.262,2020
Supernova,Drama,2020-11-20,26.262,2020
The Dig,Drama,2021-01-14,22.251,2021
The Dig,History,2021-01-14,22.251,2021
Munich: The Edge of War,Drama,2022-01-06,28.095,2022
Munich: The Edge of War,History,2022-01-06,28.095,2022
No Exit,Horror,2022-02-25,404.012,2022
No Exit,Thriller,2022-02-25,404.012,2022
Once Upon a Snowman,Animation,2020-10-23,123.257,2020
Once Upon a Snowman,Family,2020-10-23,123.257,2020
Once Upon a Snowman,Comedy,2020-10-23,123.257,2020
Once Upon a Snowman,Fantasy,2020-10-23,123.257,2020
Deathstroke: Knights & Dragons - The Movie,Animation,2020-08-04,232.847,2020
Deathstroke: Knights & Dragons - The Movie,Action,2020-08-04,232.847,2020
Deathstroke: Knights & Dragons - The Movie,Adventure,2020-08-04,232.847,2020
Deathstroke: Knights & Dragons - The Movie,Science Fiction,2020-08-04,232.847,2020
The Hater,Drama,2020-03-06,8.128,2020
The Hater,Thriller,2020-03-06,8.128,2020
Tom and Jerry Cowboy Up!,Animation,2022-01-24,249.664,2022
Tom and Jerry Cowboy Up!,Comedy,2022-01-24,249.664,2022
Tom and Jerry Cowboy Up!,Family,2022-01-24,249.664,2022
Tom and Jerry Cowboy Up!,Western,2022-01-24,249.664,2022
My Spy,Family,2020-01-09,22.246,2020
My Spy,Action,2020-01-09,22.246,2020
My Spy,Comedy,2020-01-09,22.246,2020
The Princess Switch: Switched Again,Family,2020-11-19,16.837,2020
The Princess Switch: Switched Again,Romance,2020-11-19,16.837,2020
The Princess Switch: Switched Again,Comedy,2020-11-19,16.837,2020
Invasion,Science Fiction,2020-01-01,33.206,2020
Invasion,Drama,2020-01-01,33.206,2020
Invasion,Romance,2020-01-01,33.206,2020
Invasion,Action,2020-01-01,33.206,2020
Malignant,Horror,2021-09-01,135.313,2021
Malignant,Mystery,2021-09-01,135.313,2021
Malignant,Thriller,2021-09-01,135.313,2021
To All the Boys: P.S. I Still Love You,Romance,2020-02-12,36.94,2020
To All the Boys: P.S. I Still Love You,Comedy,2020-02-12,36.94,2020
Parallel Mothers,Drama,2021-10-08,35.565,2021
The Outpost,War,2020-06-24,22.221,2020
The Outpost,Drama,2020-06-24,22.221,2020
The Outpost,History,2020-06-24,22.221,2020
The Outpost,Action,2020-06-24,22.221,2020
Annette,Drama,2021-07-06,46.079,2021
Annette,Romance,2021-07-06,46.079,2021
Babyteeth,Drama,2020-06-15,7.07,2020
Babyteeth,Comedy,2020-06-15,7.07,2020
Babyteeth,Romance,2020-06-15,7.07,2020
The King's Man,Action,2021-12-22,323.409,2021
The King's Man,Adventure,2021-12-22,323.409,2021
The King's Man,Thriller,2021-12-22,323.409,2021
The King's Man,War,2021-12-22,323.409,2021
The King's Man,Mystery,2021-12-22,323.409,2021
Boss Level,Action,2021-02-19,28.292,2021
Boss Level,Science Fiction,2021-02-19,28.292,2021
Boss Level,Thriller,2021-02-19,28.292,2021
Army of Thieves,Crime,2021-10-27,181.274,2021
Army of Thieves,Comedy,2021-10-27,181.274,2021
Godmothered,Family,2020-12-04,51.731,2020
Godmothered,Fantasy,2020-12-04,51.731,2020
Godmothered,Comedy,2020-12-04,51.731,2020
Afterlife of the Party,Fantasy,2021-09-02,28.953,2021
Afterlife of the Party,Comedy,2021-09-02,28.953,2021
Afterlife of the Party,Drama,2021-09-02,28.953,2021
Aline,Music,2020-11-19,8.666,2020
Aline,Comedy,2020-11-19,8.666,2020
Aline,Drama,2020-11-19,8.666,2020
Rumble,Family,2021-12-15,38.152,2021
Rumble,Comedy,2021-12-15,38.152,2021
Rumble,Animation,2021-12-15,38.152,2021
Yes Day,Comedy,2021-03-12,28.979,2021
Yes Day,Family,2021-03-12,28.979,2021
The Boys in the Band,Drama,2020-09-30,8.501,2020
Peninsula,Action,2020-07-15,67.407,2020
Peninsula,Horror,2020-07-15,67.407,2020
Peninsula,Thriller,2020-07-15,67.407,2020
Against the Ice,Drama,2022-02-10,73.96,2022
Against the Ice,Adventure,2022-02-10,73.96,2022
Against the Ice,History,2022-02-10,73.96,2022
The Gray Man,Action,2022-07-13,510.268,2022
The Gray Man,Thriller,2022-07-13,510.268,2022
The Mortuary Collection,Fantasy,2020-10-08,55.469,2020
The Mortuary Collection,Horror,2020-10-08,55.469,2020
Hillbilly Elegy,Drama,2020-11-09,11.501,2020
Reminiscence,Mystery,2021-08-19,31.845,2021
Reminiscence,Science Fiction,2021-08-19,31.845,2021
Fantastic Beasts: The Secrets of Dumbledore,Fantasy,2022-04-06,1412.517,2022
Fantastic Beasts: The Secrets of Dumbledore,Adventure,2022-04-06,1412.517,2022
Fantastic Beasts: The Secrets of Dumbledore,Action,2022-04-06,1412.517,2022
Home Team,Family,2022-01-28,72.939,2022
Home Team,Comedy,2022-01-28,72.939,2022
Bad Tales,Drama,2020-06-15,6.395,2020
Bloodshot,Action,2020-03-05,37.844,2020
Bloodshot,Science Fiction,2020-03-05,37.844,2020
One Shot,Action,2021-11-05,168.298,2021
A Perfect Pairing,Comedy,2022-05-19,180.507,2022
A Perfect Pairing,Romance,2022-05-19,180.507,2022
Go!,Family,2020-01-16,7.567,2020
Respect,Music,2021-08-12,30.0,2021
Respect,Drama,2021-08-12,30.0,2021
Respect,History,2021-08-12,30.0,2021
Kaamelott: The First Chapter,Adventure,2021-07-21,10.267,2021
Kaamelott: The First Chapter,Fantasy,2021-07-21,10.267,2021
Kaamelott: The First Chapter,Comedy,2021-07-21,10.267,2021
Mank,Drama,2020-11-13,10.925,2020
Mank,History,2020-11-13,10.925,2020
The Dry,Crime,2020-12-11,14.691,2020
The Dry,Thriller,2020-12-11,14.691,2020
The Dry,Mystery,2020-12-11,14.691,2020
More the Merrier,Comedy,2021-07-30,89.084,2021
More the Merrier,Romance,2021-07-30,89.084,2021
Metal Lords,Comedy,2022-04-08,86.058,2022
Metal Lords,Drama,2022-04-08,86.058,2022
Metal Lords,Music,2022-04-08,86.058,2022
Stillwater,Drama,2021-07-29,36.223,2021
Stillwater,Crime,2021-07-29,36.223,2021
Stillwater,Thriller,2021-07-29,36.223,2021
The Best Years,Romance,2020-02-13,6.392,2020
The Best Years,Drama,2020-02-13,6.392,2020
The Best Years,History,2020-02-13,6.392,2020
The Power of the Dog,Drama,2021-11-17,47.143,2021
The Power of the Dog,Western,2021-11-17,47.143,2021
The Ice Age Adventures of Buck Wild,Animation,2022-01-28,509.386,2022
The Ice Age Adventures of Buck Wild,Comedy,2022-01-28,509.386,2022
The Ice Age Adventures of Buck Wild,Adventure,2022-01-28,509.386,2022
The Ice Age Adventures of Buck Wild,Family,2022-01-28,509.386,2022
Secret Society of Second Born Royals,Action,2020-09-25,66.709,2020
Secret Society of Second Born Royals,Adventure,2020-09-25,66.709,2020
Secret Society of Second Born Royals,Comedy,2020-09-25,66.709,2020
Secret Society of Second Born Royals,Fantasy,2020-09-25,66.709,2020
Worth,History,2021-07-21,13.72,2021
Worth,Drama,2021-07-21,13.72,2021
Red Notice,Action,2021-11-04,326.28,2021
Red Notice,Comedy,2021-11-04,326.28,2021
Red Notice,Crime,2021-11-04,326.28,2021
Red Notice,Thriller,2021-11-04,326.28,2021
Those Who Wish Me Dead,Thriller,2021-05-05,74.789,2021
Hitman's Wife's Bodyguard,Action,2021-06-14,52.354,2021
Hitman's Wife's Bodyguard,Comedy,2021-06-14,52.354,2021
Hitman's Wife's Bodyguard,Thriller,2021-06-14,52.354,2021
The Lost City,Action,2022-03-24,1242.491,2022
The Lost City,Adventure,2022-03-24,1242.491,2022
The Lost City,Comedy,2022-03-24,1242.491,2022
Fear Street: 1994,Mystery,2021-06-28,131.811,2021
Fear Street: 1994,Horror,2021-06-28,131.811,2021
Benedetta,Drama,2021-07-09,29.146,2021
Benedetta,History,2021-07-09,29.146,2021
Benedetta,Romance,2021-07-09,29.146,2021
Scream,Horror,2022-01-12,364.119,2022
Scream,Mystery,2022-01-12,364.119,2022
Scream,Thriller,2022-01-12,364.119,2022
Monster Hunter,Action,2020-12-03,190.509,2020
Monster Hunter,Fantasy,2020-12-03,190.509,2020
Monster Hunter,Adventure,2020-12-03,190.509,2020
X,Horror,2022-03-17,85.217,2022
X,Mystery,2022-03-17,85.217,2022
X,Thriller,2022-03-17,85.217,2022
Breaking Surface,Thriller,2020-02-14,27.67,2020
Breaking Surface,Drama,2020-02-14,27.67,2020
Breaking Surface,Action,2020-02-14,27.67,2020
Coven,Drama,2020-10-02,7.153,2020
Coven,History,2020-10-02,7.153,2020
He's All That,Romance,2021-08-27,87.777,2021
He's All That,Comedy,2021-08-27,87.777,2021
The Harder They Fall,Western,2021-10-22,118.079,2021
The Unholy,Horror,2021-03-31,268.732,2021
The Unholy,Mystery,2021-03-31,268.732,2021
The Sadness,Horror,2021-01-22,227.808,2021
The Sadness,Action,2021-01-22,227.808,2021
The Sadness,Thriller,2021-01-22,227.808,2021
Run Hide Fight,Action,2020-09-10,19.112,2020
Run Hide Fight,Crime,2020-09-10,19.112,2020
Run Hide Fight,Thriller,2020-09-10,19.112,2020
Sweet Girl,Action,2021-08-18,103.327,2021
Major Grom: Plague Doctor,Action,2021-04-01,126.802,2021
Major Grom: Plague Doctor,Adventure,2021-04-01,126.802,2021
Spree,Thriller,2020-08-14,86.156,2020
Spree,Horror,2020-08-14,86.156,2020
Spree,Comedy,2020-08-14,86.156,2020
The Royal Treatment,Romance,2022-01-20,82.448,2022
The Royal Treatment,Comedy,2022-01-20,82.448,2022
Chaos Walking,Science Fiction,2021-02-24,74.2,2021
Multiverse,Drama,2021-11-12,8.678,2021
Multiverse,Science Fiction,2021-11-12,8.678,2021
Jolt,Action,2021-07-15,87.489,2021
Jolt,Thriller,2021-07-15,87.489,2021
Thor: Love and Thunder,Action,2022-07-06,8772.151,2022
Thor: Love and Thunder,Adventure,2022-07-06,8772.151,2022
Thor: Love and Thunder,Fantasy,2022-07-06,8772.151,2022
Rising High,Comedy,2020-04-17,10.069,2020
Rising High,Drama,2020-04-17,10.069,2020
The Life Ahead,Drama,2020-11-03,8.698,2020
House of Gucci,Drama,2021-11-24,102.898,2021
House of Gucci,Crime,2021-11-24,102.898,2021
House of Gucci,History,2021-11-24,102.898,2021
Kate,Action,2021-09-10,69.889,2021
Escape Room: Tournament of Champions,Horror,2021-07-01,174.4,2021
Escape Room: Tournament of Champions,Thriller,2021-07-01,174.4,2021
Escape Room: Tournament of Champions,Mystery,2021-07-01,174.4,2021
Noelle,Family,2020-11-20,11.669,2020
Noelle,Comedy,2020-11-20,11.669,2020
Noelle,Fantasy,2020-11-20,11.669,2020
Dolittle,Family,2020-01-01,48.821,2020
Dolittle,Fantasy,2020-01-01,48.821,2020
Dolittle,Adventure,2020-01-01,48.821,2020
LEGO Star Wars Holiday Special,Animation,2020-11-17,26.435,2020
LEGO Star Wars Holiday Special,Family,2020-11-17,26.435,2020
LEGO Star Wars Holiday Special,Adventure,2020-11-17,26.435,2020
LEGO Star Wars Holiday Special,Comedy,2020-11-17,26.435,2020
LEGO Star Wars Holiday Special,Science Fiction,2020-11-17,26.435,2020
Sergio,Drama,2020-01-28,9.098,2020
Infinite,Science Fiction,2021-09-09,181.52,2021
Infinite,Action,2021-09-09,181.52,2021
Infinite,Thriller,2021-09-09,181.52,2021
Ma Rainey's Black Bottom,Drama,2020-11-25,9.068,2020
Ma Rainey's Black Bottom,Music,2020-11-25,9.068,2020
The Night House,Horror,2021-07-15,21.278,2021
The Night House,Thriller,2021-07-15,21.278,2021
The Night House,Mystery,2021-07-15,21.278,2021
The Voyeurs,Thriller,2021-08-25,55.399,2021
Saint Maud,Drama,2020-10-09,17.015,2020
Saint Maud,Horror,2020-10-09,17.015,2020
Saint Maud,Mystery,2020-10-09,17.015,2020
The Tender Bar,Drama,2021-12-17,38.86,2021
I Am All Girls,Crime,2021-05-14,44.808,2021
I Am All Girls,Drama,2021-05-14,44.808,2021
I Am All Girls,Mystery,2021-05-14,44.808,2021
I Am All Girls,Thriller,2021-05-14,44.808,2021
The Last Days of American Crime,Action,2020-06-05,10.095,2020
The Last Days of American Crime,Crime,2020-06-05,10.095,2020
The Last Days of American Crime,Thriller,2020-06-05,10.095,2020
Halloween Kills,Horror,2021-10-14,260.686,2021
Halloween Kills,Thriller,2021-10-14,260.686,2021
The Trip,Action,2021-07-30,58.155,2021
The Trip,Comedy,2021-07-30,58.155,2021
The Trip,Thriller,2021-07-30,58.155,2021
The Trip,Horror,2021-07-30,58.155,2021
Pig,Drama,2021-07-16,13.756,2021
Pig,Thriller,2021-07-16,13.756,2021
Swallow,Drama,2020-01-15,13.761,2020
Swallow,Horror,2020-01-15,13.761,2020
Swallow,Thriller,2020-01-15,13.761,2020
The Matrix Resurrections,Science Fiction,2021-12-16,292.502,2021
The Matrix Resurrections,Action,2021-12-16,292.502,2021
The Matrix Resurrections,Adventure,2021-12-16,292.502,2021
Snake Eyes: G.I. Joe Origins,Action,2021-06-26,186.134,2021
Snake Eyes: G.I. Joe Origins,Adventure,2021-06-26,186.134,2021
Lost Bullet,Action,2020-06-19,11.556,2020
Lost Bullet,Thriller,2020-06-19,11.556,2020
Lost Bullet,Crime,2020-06-19,11.556,2020
Operation Mincemeat,War,2022-04-01,44.29,2022
Operation Mincemeat,History,2022-04-01,44.29,2022
Operation Mincemeat,Drama,2022-04-01,44.29,2022
The Hunt,Action,2020-03-11,32.808,2020
The Hunt,Thriller,2020-03-11,32.808,2020
The Hunt,Horror,2020-03-11,32.808,2020
Jingle Jangle: A Christmas Journey,Family,2020-11-06,28.626,2020
Jingle Jangle: A Christmas Journey,Fantasy,2020-11-06,28.626,2020
Jingle Jangle: A Christmas Journey,Music,2020-11-06,28.626,2020
Narco Sub,Action,2021-01-22,117.299,2021
Narco Sub,Drama,2021-01-22,117.299,2021
Narco Sub,Crime,2021-01-22,117.299,2021
I Care a Lot,Comedy,2021-02-19,41.113,2021
I Care a Lot,Crime,2021-02-19,41.113,2021
I Care a Lot,Thriller,2021-02-19,41.113,2021
I Care a Lot,Drama,2021-02-19,41.113,2021
Caught by a Wave,Drama,2021-03-25,23.568,2021
Caught by a Wave,Romance,2021-03-25,23.568,2021
Freaky,Comedy,2020-11-12,32.81,2020
Freaky,Fantasy,2020-11-12,32.81,2020
Freaky,Horror,2020-11-12,32.81,2020
Freaky,Thriller,2020-11-12,32.81,2020
I'm Thinking of Ending Things,Drama,2020-08-28,13.667,2020
I'm Thinking of Ending Things,Mystery,2020-08-28,13.667,2020
I'm Thinking of Ending Things,Thriller,2020-08-28,13.667,2020
I'm Thinking of Ending Things,Horror,2020-08-28,13.667,2020
I'm Thinking of Ending Things,Fantasy,2020-08-28,13.667,2020
Oxygen,Science Fiction,2021-05-12,44.5,2021
Oxygen,Thriller,2021-05-12,44.5,2021
Oxygen,Horror,2021-05-12,44.5,2021
The Protégé,Action,2021-08-19,78.419,2021
The Protégé,Thriller,2021-08-19,78.419,2021
The Last Mercenary,Action,2021-07-30,119.265,2021
The Last Mercenary,Comedy,2021-07-30,119.265,2021
The Way Back,Drama,2020-03-05,19.184,2020
Books of Blood,Horror,2020-10-07,30.953,2020
Books of Blood,Science Fiction,2020-10-07,30.953,2020
The Kid Detective,Comedy,2020-10-16,10.905,2020
The Kid Detective,Drama,2020-10-16,10.905,2020
The Kid Detective,Mystery,2020-10-16,10.905,2020
The Lost Daughter,Drama,2021-12-16,36.107,2021
The Eyes of Tammy Faye,Drama,2021-09-17,14.787,2021
The Eyes of Tammy Faye,History,2021-09-17,14.787,2021
Coming 2 America,Comedy,2021-03-04,46.394,2021
Radioactive,Drama,2020-03-11,15.311,2020
Radioactive,Romance,2020-03-11,15.311,2020
Radioactive,History,2020-03-11,15.311,2020
The Simpsons in Plusaversary,Animation,2021-11-12,325.46,2021
The Simpsons in Plusaversary,Comedy,2021-11-12,325.46,2021
The Simpsons in Plusaversary,Fantasy,2021-11-12,325.46,2021
Da 5 Bloods,War,2020-06-12,12.557,2020
Da 5 Bloods,Drama,2020-06-12,12.557,2020
The Postcard Killings,Drama,2020-03-13,13.293,2020
The Postcard Killings,Thriller,2020-03-13,13.293,2020
The Christmas Chronicles: Part Two,Family,2020-11-18,45.464,2020
The Christmas Chronicles: Part Two,Fantasy,2020-11-18,45.464,2020
The Christmas Chronicles: Part Two,Adventure,2020-11-18,45.464,2020
The Christmas Chronicles: Part Two,Comedy,2020-11-18,45.464,2020
Being the Ricardos,Drama,2021-12-10,24.338,2021
Being the Ricardos,History,2021-12-10,24.338,2021
Death to 2020,Comedy,2020-12-27,12.39,2020
The Green Knight,Adventure,2021-07-29,25.37,2021
The Green Knight,Drama,2021-07-29,25.37,2021
The Green Knight,Fantasy,2021-07-29,25.37,2021
Till Death,Horror,2021-07-02,18.808,2021
Till Death,Thriller,2021-07-02,18.808,2021
Wonder Woman 1984,Action,2020-12-16,181.404,2020
Wonder Woman 1984,Adventure,2020-12-16,181.404,2020
Wonder Woman 1984,Fantasy,2020-12-16,181.404,2020
The Many Saints of Newark,Crime,2021-09-22,58.719,2021
The Many Saints of Newark,Drama,2021-09-22,58.719,2021
Night Teeth,Horror,2021-10-20,67.396,2021
Night Teeth,Thriller,2021-10-20,67.396,2021
Night Teeth,Action,2021-10-20,67.396,2021
Spenser Confidential,Comedy,2020-03-06,21.502,2020
Spenser Confidential,Action,2020-03-06,21.502,2020
Spenser Confidential,Thriller,2020-03-06,21.502,2020
Host,Horror,2020-12-04,131.577,2020
Host,Thriller,2020-12-04,131.577,2020
Host,Mystery,2020-12-04,131.577,2020
Don't Listen,Drama,2020-07-24,118.026,2020
Don't Listen,Horror,2020-07-24,118.026,2020
Don't Listen,Thriller,2020-07-24,118.026,2020
Old,Thriller,2021-07-21,234.722,2021
Old,Mystery,2021-07-21,234.722,2021
Old,Horror,2021-07-21,234.722,2021
The Sleepover,Family,2020-08-21,10.903,2020
The Sleepover,Action,2020-08-21,10.903,2020
Mortal,Action,2020-02-28,11.556,2020
Mortal,Fantasy,2020-02-28,11.556,2020
Mortal,Thriller,2020-02-28,11.556,2020
Project Power,Action,2020-08-14,22.597,2020
Project Power,Crime,2020-08-14,22.597,2020
Project Power,Science Fiction,2020-08-14,22.597,2020
The Contractor,Action,2022-03-10,518.397,2022
The Contractor,Thriller,2022-03-10,518.397,2022
New Order,Thriller,2020-10-22,17.545,2020
New Order,Drama,2020-10-22,17.545,2020
Offering to the Storm,Crime,2020-07-24,24.769,2020
Offering to the Storm,Thriller,2020-07-24,24.769,2020
Death on the Nile,Crime,2022-02-09,94.418,2022
Death on the Nile,Drama,2022-02-09,94.418,2022
Death on the Nile,Mystery,2022-02-09,94.418,2022
Death on the Nile,Thriller,2022-02-09,94.418,2022
Lamb,Drama,2021-08-12,19.042,2021
Lamb,Fantasy,2021-08-12,19.042,2021
Lamb,Horror,2021-08-12,19.042,2021
Honest Thief,Thriller,2020-09-03,94.574,2020
Honest Thief,Action,2020-09-03,94.574,2020
Honest Thief,Crime,2020-09-03,94.574,2020
Honest Thief,Drama,2020-09-03,94.574,2020
Monsters of Man,Science Fiction,2020-11-19,11.07,2020
Xtreme,Action,2021-06-04,28.905,2021
Xtreme,Adventure,2021-06-04,28.905,2021
Xtreme,Crime,2021-06-04,28.905,2021
The Silencing,Action,2020-07-18,16.203,2020
The Silencing,Thriller,2020-07-18,16.203,2020
Altered Carbon: Resleeved,Animation,2020-03-19,64.547,2020
Altered Carbon: Resleeved,Science Fiction,2020-03-19,64.547,2020
Encounter,Adventure,2021-12-03,85.3,2021
Encounter,Drama,2021-12-03,85.3,2021
Borat Subsequent Moviefilm,Comedy,2020-10-23,15.097,2020
Black Box,Horror,2020-10-06,41.144,2020
Black Box,Science Fiction,2020-10-06,41.144,2020
Black Box,Thriller,2020-10-06,41.144,2020
8-Bit Christmas,Family,2021-11-24,33.703,2021
8-Bit Christmas,Comedy,2021-11-24,33.703,2021
Finding ʻOhana,Action,2021-01-29,48.04,2021
Finding ʻOhana,Adventure,2021-01-29,48.04,2021
Finding ʻOhana,Comedy,2021-01-29,48.04,2021
Finding ʻOhana,Family,2021-01-29,48.04,2021
Sputnik,Science Fiction,2020-09-08,56.732,2020
Sputnik,Drama,2020-09-08,56.732,2020
Sputnik,Horror,2020-09-08,56.732,2020
Cinderella,Fantasy,2021-09-03,57.139,2021
Cinderella,Romance,2021-09-03,57.139,2021
Cinderella,Comedy,2021-09-03,57.139,2021
"My Donkey, My Lover & I",Comedy,2020-09-16,11.504,2020
"My Donkey, My Lover & I",Adventure,2020-09-16,11.504,2020
"My Donkey, My Lover & I",Romance,2020-09-16,11.504,2020
32 Malasana Street,Horror,2020-01-17,15.583,2020
His House,Drama,2020-01-27,38.819,2020
His House,Horror,2020-01-27,38.819,2020
His House,Thriller,2020-01-27,38.819,2020
Titane,Drama,2021-07-14,43.779,2021
Titane,Thriller,2021-07-14,43.779,2021
Titane,Horror,2021-07-14,43.779,2021
Operation Christmas Drop,Comedy,2020-11-05,8.34,2020
Operation Christmas Drop,Family,2020-11-05,8.34,2020
Operation Christmas Drop,Romance,2020-11-05,8.34,2020
Guns Akimbo,Comedy,2020-02-27,20.826,2020
Guns Akimbo,Action,2020-02-27,20.826,2020
Megaboa,Horror,2021-11-26,6.349,2021
Megaboa,Action,2021-11-26,6.349,2021
The War with Grandpa,Comedy,2020-08-27,19.597,2020
The War with Grandpa,Family,2020-08-27,19.597,2020
Follow Me,Horror,2020-07-16,10.965,2020
Follow Me,Thriller,2020-07-16,10.965,2020
"I Love You, Stupid",Comedy,2020-01-24,8.682,2020
Single All the Way,Romance,2021-12-02,30.741,2021
Single All the Way,Comedy,2021-12-02,30.741,2021
Single All the Way,Drama,2021-12-02,30.741,2021
Baggio: The Divine Ponytail,Drama,2021-05-26,15.218,2021
Return of the Tooth Fairy,Horror,2020-06-15,32.358,2020
Paranormal Activity: Next of Kin,Horror,2021-10-29,238.365,2021
Paranormal Activity: Next of Kin,Mystery,2021-10-29,238.365,2021
Paranormal Activity: Next of Kin,Thriller,2021-10-29,238.365,2021
Moonfall,Science Fiction,2022-02-03,547.1,2022
Moonfall,Adventure,2022-02-03,547.1,2022
Moonfall,Action,2022-02-03,547.1,2022
Passing,Drama,2021-10-27,25.272,2021
Roald Dahl's The Witches,Family,2020-10-25,176.523,2020
Roald Dahl's The Witches,Fantasy,2020-10-25,176.523,2020
Roald Dahl's The Witches,Adventure,2020-10-25,176.523,2020
Roald Dahl's The Witches,Comedy,2020-10-25,176.523,2020
Roald Dahl's The Witches,Horror,2020-10-25,176.523,2020
Morbius,Action,2022-03-30,1145.026,2022
Morbius,Science Fiction,2022-03-30,1145.026,2022
Morbius,Fantasy,2022-03-30,1145.026,2022
"Love, Guaranteed",Romance,2020-09-02,8.112,2020
"Love, Guaranteed",Comedy,2020-09-02,8.112,2020
The Man from Toronto,Action,2022-06-24,1299.583,2022
The Man from Toronto,Comedy,2022-06-24,1299.583,2022
The Man from Toronto,Thriller,2022-06-24,1299.583,2022
Queenpins,Comedy,2021-08-26,17.391,2021
Queenpins,Crime,2021-08-26,17.391,2021
The Babysitter: Killer Queen,Comedy,2020-09-10,57.786,2020
The Babysitter: Killer Queen,Horror,2020-09-10,57.786,2020
Unhinged,Action,2020-07-16,22.358,2020
Unhinged,Thriller,2020-07-16,22.358,2020
Eurovision Song Contest: The Story of Fire Saga,Comedy,2020-06-26,10.518,2020
Eurovision Song Contest: The Story of Fire Saga,Music,2020-06-26,10.518,2020
The Assistant,Drama,2020-01-31,10.701,2020
Crisis,Thriller,2021-02-26,48.782,2021
Crisis,Crime,2021-02-26,48.782,2021
Crisis,Drama,2021-02-26,48.782,2021
Spell,Thriller,2020-10-30,51.175,2020
Spell,Horror,2020-10-30,51.175,2020
Spell,Fantasy,2020-10-30,51.175,2020
Aftermath,Horror,2021-08-04,54.577,2021
Aftermath,Crime,2021-08-04,54.577,2021
Aftermath,Drama,2021-08-04,54.577,2021
Aftermath,Thriller,2021-08-04,54.577,2021
A California Christmas,Comedy,2020-12-14,7.563,2020
A California Christmas,Romance,2020-12-14,7.563,2020
A California Christmas,Drama,2020-12-14,7.563,2020
The Guilty,Drama,2021-09-24,35.715,2021
The Guilty,Thriller,2021-09-24,35.715,2021
Dangerous Lies,Thriller,2020-05-30,13.04,2020
Diary of a Wimpy Kid,Animation,2021-12-03,191.737,2021
Diary of a Wimpy Kid,Comedy,2021-12-03,191.737,2021
Diary of a Wimpy Kid,Family,2021-12-03,191.737,2021
Below Zero,Action,2021-01-29,45.267,2021
Below Zero,Crime,2021-01-29,45.267,2021
Below Zero,Thriller,2021-01-29,45.267,2021
Outside the Wire,Thriller,2021-01-15,69.767,2021
Outside the Wire,Action,2021-01-15,69.767,2021
Outside the Wire,Science Fiction,2021-01-15,69.767,2021
Becky,Thriller,2020-07-23,19.343,2020
Becky,Crime,2020-07-23,19.343,2020
Becky,Horror,2020-07-23,19.343,2020
The Talent of the Hornet,Thriller,2020-11-18,8.219,2020
Misbehaviour,Drama,2020-03-12,10.04,2020
Misbehaviour,History,2020-03-12,10.04,2020
Misbehaviour,Comedy,2020-03-12,10.04,2020
The Secret Garden,Family,2020-07-08,17.374,2020
The Secret Garden,Fantasy,2020-07-08,17.374,2020
The Secret Garden,Drama,2020-07-08,17.374,2020
Flashback,Thriller,2020-10-08,63.882,2020
Gunpowder Milkshake,Action,2021-07-14,106.522,2021
Gunpowder Milkshake,Crime,2021-07-14,106.522,2021
Gunpowder Milkshake,Thriller,2021-07-14,106.522,2021
Possessor Uncut,Horror,2020-10-02,15.452,2020
Possessor Uncut,Thriller,2020-10-02,15.452,2020
Possessor Uncut,Science Fiction,2020-10-02,15.452,2020
Time Is Up,Romance,2021-09-09,104.545,2021
Time Is Up,Drama,2021-09-09,104.545,2021
Antlers,Drama,2021-10-28,192.308,2021
Antlers,Horror,2021-10-28,192.308,2021
Antlers,Mystery,2021-10-28,192.308,2021
Like a Boss,Comedy,2020-01-09,22.486,2020
"Yes, God, Yes",Comedy,2020-07-24,31.576,2020
"Yes, God, Yes",Drama,2020-07-24,31.576,2020
Gold,Thriller,2022-01-13,203.801,2022
Gold,Action,2022-01-13,203.801,2022
No Sudden Move,Crime,2021-06-24,45.31,2021
No Sudden Move,Drama,2021-06-24,45.31,2021
No Sudden Move,Mystery,2021-06-24,45.31,2021
The Deep House,Horror,2021-06-30,176.364,2021
The Occupant,Thriller,2020-03-25,10.166,2020
The Occupant,Drama,2020-03-25,10.166,2020
Vanguard,Action,2020-09-30,131.89,2020
Vanguard,Adventure,2020-09-30,131.89,2020
Vanguard,Crime,2020-09-30,131.89,2020
The Little Things,Crime,2021-01-28,47.979,2021
The Little Things,Drama,2021-01-28,47.979,2021
The Little Things,Thriller,2021-01-28,47.979,2021
Beckett,Crime,2021-08-04,76.234,2021
Beckett,Mystery,2021-08-04,76.234,2021
Beckett,Thriller,2021-08-04,76.234,2021
Sea Fever,Science Fiction,2020-06-12,16.855,2020
Sea Fever,Horror,2020-06-12,16.855,2020
Sea Fever,Thriller,2020-06-12,16.855,2020
Come Play,Horror,2020-10-28,21.003,2020
American Pie Presents: Girls' Rules,Comedy,2020-10-06,55.338,2020
Inheritance,Thriller,2020-04-30,19.035,2020
The Craft: Legacy,Horror,2020-10-28,77.764,2020
The Craft: Legacy,Drama,2020-10-28,77.764,2020
The Craft: Legacy,Fantasy,2020-10-28,77.764,2020
Blacklight,Action,2022-02-10,409.268,2022
Blacklight,Thriller,2022-02-10,409.268,2022
Rebecca,Romance,2020-10-16,14.581,2020
Rebecca,Drama,2020-10-16,14.581,2020
Rebecca,Mystery,2020-10-16,14.581,2020
Rebecca,Thriller,2020-10-16,14.581,2020
Airplane Mode,Comedy,2020-01-23,11.251,2020
Airplane Mode,Drama,2020-01-23,11.251,2020
Airplane Mode,Romance,2020-01-23,11.251,2020
Nightbooks,Fantasy,2021-09-15,87.388,2021
Nightbooks,Family,2021-09-15,87.388,2021
Nightbooks,Horror,2021-09-15,87.388,2021
Eiffel,Romance,2021-10-07,11.168,2021
Eiffel,Drama,2021-10-07,11.168,2021
Underwater,Action,2020-01-08,34.646,2020
Underwater,Horror,2020-01-08,34.646,2020
Underwater,Science Fiction,2020-01-08,34.646,2020
Underwater,Thriller,2020-01-08,34.646,2020
Army of the Dead,Action,2021-05-14,131.668,2021
Army of the Dead,Crime,2021-05-14,131.668,2021
Army of the Dead,Horror,2021-05-14,131.668,2021
Army of the Dead,Thriller,2021-05-14,131.668,2021
Welcome to Sudden Death,Action,2020-09-09,8.634,2020
Antebellum,Horror,2020-09-02,49.279,2020
Black Crab,Action,2022-03-18,188.226,2022
Black Crab,Thriller,2022-03-18,188.226,2022
The Beast,Crime,2020-11-27,8.682,2020
My Son,Thriller,2021-09-23,17.808,2021
My Son,Mystery,2021-09-23,17.808,2021
My Son,Drama,2021-09-23,17.808,2021
My Son,Crime,2021-09-23,17.808,2021
V/H/S/94,Horror,2021-09-26,22.642,2021
Synchronic,Science Fiction,2020-10-23,11.564,2020
Synchronic,Drama,2020-10-23,11.564,2020
Synchronic,Thriller,2020-10-23,11.564,2020
Synchronic,Horror,2020-10-23,11.564,2020
The Card Counter,Drama,2021-09-03,17.105,2021
The Card Counter,Crime,2021-09-03,17.105,2021
The Card Counter,Thriller,2021-09-03,17.105,2021
Rifkin's Festival,Romance,2020-10-01,9.967,2020
Rifkin's Festival,Comedy,2020-10-01,9.967,2020
Last Man Down,Action,2021-10-19,358.251,2021
Last Man Down,Thriller,2021-10-19,358.251,2021
Spoiled Brats,Comedy,2021-09-15,66.718,2021
Mandibles,Comedy,2020-09-16,10.249,2020
Mandibles,Fantasy,2020-09-16,10.249,2020
Body Cam,Horror,2020-05-19,11.898,2020
Body Cam,Thriller,2020-05-19,11.898,2020
Body Cam,Mystery,2020-05-19,11.898,2020
Archive,Science Fiction,2020-08-13,13.532,2020
Archive,Drama,2020-08-13,13.532,2020
Archive,Fantasy,2020-08-13,13.532,2020
Archive,Thriller,2020-08-13,13.532,2020
Yara,Crime,2021-10-18,24.663,2021
Yara,Drama,2021-10-18,24.663,2021
Kajillionaire,Crime,2020-09-25,14.704,2020
Kajillionaire,Drama,2020-09-25,14.704,2020
Kajillionaire,Comedy,2020-09-25,14.704,2020
Pleasure,Drama,2021-10-08,88.852,2021
The Decline,Thriller,2020-02-27,6.913,2020
Kimi,Thriller,2022-02-10,329.014,2022
Alone,Thriller,2020-09-10,105.453,2020
Alone,Horror,2020-09-10,105.453,2020
Under the Riccione Sun,Comedy,2020-07-01,11.245,2020
Under the Riccione Sun,Romance,2020-07-01,11.245,2020
A Babysitter's Guide to Monster Hunting,Family,2020-10-14,39.595,2020
A Babysitter's Guide to Monster Hunting,Fantasy,2020-10-14,39.595,2020
A Babysitter's Guide to Monster Hunting,Adventure,2020-10-14,39.595,2020
A Babysitter's Guide to Monster Hunting,Comedy,2020-10-14,39.595,2020
The New Mutants,Horror,2020-08-26,80.881,2020
The New Mutants,Science Fiction,2020-08-26,80.881,2020
The New Mutants,Mystery,2020-08-26,80.881,2020
The New Mutants,Action,2020-08-26,80.881,2020
The Wolf of Snow Hollow,Horror,2020-10-23,53.581,2020
The Wolf of Snow Hollow,Thriller,2020-10-23,53.581,2020
The Nest,Drama,2020-05-08,9.59,2020
The Nest,Romance,2020-05-08,9.59,2020
The Prom,Romance,2020-12-02,6.319,2020
The Prom,Comedy,2020-12-02,6.319,2020
The Water Man,Adventure,2020-09-13,20.684,2020
Silent Night,Horror,2021-12-03,15.387,2021
Silent Night,Comedy,2021-12-03,15.387,2021
Silent Night,Drama,2021-12-03,15.387,2021
Fatale,Thriller,2020-12-18,11.421,2020
How I Became a Superhero,Science Fiction,2020-11-19,111.574,2020
How I Became a Superhero,Adventure,2020-11-19,111.574,2020
How I Became a Superhero,Action,2020-11-19,111.574,2020
How I Became a Superhero,Comedy,2020-11-19,111.574,2020
How I Became a Superhero,Thriller,2020-11-19,111.574,2020
We Can Be Heroes,Action,2020-12-25,78.582,2020
We Can Be Heroes,Fantasy,2020-12-25,78.582,2020
We Can Be Heroes,Family,2020-12-25,78.582,2020
We Can Be Heroes,Comedy,2020-12-25,78.582,2020
Songbird,Thriller,2020-12-10,19.648,2020
Songbird,Romance,2020-12-10,19.648,2020
Songbird,Drama,2020-12-10,19.648,2020
Songbird,Mystery,2020-12-10,19.648,2020
Earth and Blood,Action,2020-04-17,13.421,2020
Earth and Blood,Thriller,2020-04-17,13.421,2020
Redemption Day,Action,2021-01-08,106.096,2021
The F**k-It List,Comedy,2020-07-01,9.505,2020
Chernobyl: Abyss,Drama,2021-04-15,247.815,2021
Chernobyl: Abyss,History,2021-04-15,247.815,2021
Chernobyl: Abyss,Adventure,2021-04-15,247.815,2021
Dangerous,Action,2021-11-05,108.4,2021
Dangerous,Thriller,2021-11-05,108.4,2021
Copshop,Thriller,2021-09-09,25.046,2021
Copshop,Crime,2021-09-09,25.046,2021
Copshop,Action,2021-09-09,25.046,2021
Diabolik,Crime,2021-12-16,11.936,2021
Diabolik,Action,2021-12-16,11.936,2021
Interceptor,Action,2022-05-26,419.751,2022
Interceptor,Thriller,2022-05-26,419.751,2022
Interceptor,Adventure,2022-05-26,419.751,2022
The Wrong Missy,Comedy,2020-05-13,24.571,2020
The Wrong Missy,Romance,2020-05-13,24.571,2020
Willy's Wonderland,Action,2021-02-12,69.675,2021
Willy's Wonderland,Horror,2021-02-12,69.675,2021
Willy's Wonderland,Comedy,2021-02-12,69.675,2021
Tolo Tolo,Comedy,2020-01-01,5.9,2020
Tolo Tolo,Drama,2020-01-01,5.9,2020
Tolo Tolo,Family,2020-01-01,5.9,2020
On the Rocks,Drama,2020-10-02,11.697,2020
On the Rocks,Comedy,2020-10-02,11.697,2020
The Empty Man,Horror,2020-10-22,58.954,2020
The Empty Man,Mystery,2020-10-22,58.954,2020
The Empty Man,Thriller,2020-10-22,58.954,2020
Ultras,Drama,2020-03-09,6.869,2020
Unknown Origins,Drama,2020-08-28,8.731,2020
Unknown Origins,Thriller,2020-08-28,8.731,2020
Cry Macho,Drama,2021-09-16,22.585,2021
Cry Macho,Western,2021-09-16,22.585,2021
Fortress,Crime,2021-12-17,104.367,2021
Fortress,Action,2021-12-17,104.367,2021
Fortress,Thriller,2021-12-17,104.367,2021
Candyman,Horror,2021-08-25,72.763,2021
The Virtuoso,Thriller,2021-04-30,52.952,2021
The Virtuoso,Crime,2021-04-30,52.952,2021
Desperados,Comedy,2020-07-01,6.489,2020
Desperados,Romance,2020-07-01,6.489,2020
Wasp Network,Drama,2020-01-29,10.572,2020
Wasp Network,History,2020-01-29,10.572,2020
Wasp Network,Thriller,2020-01-29,10.572,2020
Voyagers,Science Fiction,2021-04-08,81.655,2021
Voyagers,Thriller,2021-04-08,81.655,2021
Hypnotic,Thriller,2021-10-27,71.857,2021
Hypnotic,Drama,2021-10-27,71.857,2021
Hypnotic,Horror,2021-10-27,71.857,2021
Resident Evil: Welcome to Raccoon City,Horror,2021-11-24,450.638,2021
Resident Evil: Welcome to Raccoon City,Action,2021-11-24,450.638,2021
Resident Evil: Welcome to Raccoon City,Science Fiction,2021-11-24,450.638,2021
Midnight in the Switchgrass,Crime,2021-07-23,21.057,2021
Midnight in the Switchgrass,Mystery,2021-07-23,21.057,2021
Midnight in the Switchgrass,Thriller,2021-07-23,21.057,2021
Midnight in the Switchgrass,Action,2021-07-23,21.057,2021
Like a Cat on a Highway 2,Comedy,2021-08-14,5.628,2021
The Night Clerk,Thriller,2020-02-19,15.707,2020
The Night Clerk,Crime,2020-02-19,15.707,2020
The Night Clerk,Drama,2020-02-19,15.707,2020
The Lodge,Drama,2020-01-16,23.969,2020
The Lodge,Horror,2020-01-16,23.969,2020
The Lodge,Thriller,2020-01-16,23.969,2020
Spiral: From the Book of Saw,Horror,2021-05-12,128.278,2021
Spiral: From the Book of Saw,Crime,2021-05-12,128.278,2021
Spiral: From the Book of Saw,Mystery,2021-05-12,128.278,2021
The 355,Action,2022-01-05,166.96,2022
The 355,Thriller,2022-01-05,166.96,2022
Friendzone,Romance,2021-09-29,16.87,2021
Friendzone,Comedy,2021-09-29,16.87,2021
De Gaulle,History,2020-03-04,6.543,2020
De Gaulle,Drama,2020-03-04,6.543,2020
Squared Love,Comedy,2021-02-11,17.351,2021
Squared Love,Romance,2021-02-11,17.351,2021
Werewolves Within,Horror,2021-06-25,69.8,2021
Werewolves Within,Comedy,2021-06-25,69.8,2021
Centigrade,Thriller,2020-08-28,9.016,2020
Irresistible,Comedy,2020-07-01,17.126,2020
Irresistible,Drama,2020-07-01,17.126,2020
Bad Trip,Comedy,2020-09-26,73.507,2020
Firestarter,Thriller,2022-05-12,31.87,2022
Firestarter,Science Fiction,2022-05-12,31.87,2022
The Paramedic,Thriller,2020-09-16,11.603,2020
Lost Girls,Drama,2020-01-28,10.803,2020
Lost Girls,Mystery,2020-01-28,10.803,2020
Lost Girls,Thriller,2020-01-28,10.803,2020
Lost Girls,History,2020-01-28,10.803,2020
Meander,Horror,2021-05-26,176.286,2021
Meander,Science Fiction,2021-05-26,176.286,2021
Meander,Drama,2021-05-26,176.286,2021
Meander,Thriller,2021-05-26,176.286,2021
The Woman in the Window,Drama,2021-05-14,23.639,2021
The Woman in the Window,Crime,2021-05-14,23.639,2021
The Woman in the Window,Mystery,2021-05-14,23.639,2021
The Woman in the Window,Thriller,2021-05-14,23.639,2021
The Dark and the Wicked,Horror,2020-10-29,8.762,2020
The Dark and the Wicked,Drama,2020-10-29,8.762,2020
The Dark and the Wicked,Mystery,2020-10-29,8.762,2020
Psycho Goreman,Science Fiction,2020-10-29,47.778,2020
Psycho Goreman,Comedy,2020-10-29,47.778,2020
Psycho Goreman,Horror,2020-10-29,47.778,2020
All the Old Knives,Thriller,2022-04-08,199.397,2022
All the Old Knives,Action,2022-04-08,199.397,2022
Relic,Horror,2020-07-03,10.834,2020
Relic,Drama,2020-07-03,10.834,2020
Relic,Mystery,2020-07-03,10.834,2020
Relic,Thriller,2020-07-03,10.834,2020
Intrusion,Thriller,2021-09-22,86.177,2021
Wrong Turn,Horror,2021-01-26,124.151,2021
Wrong Turn,Thriller,2021-01-26,124.151,2021
Ghosts of War,Horror,2020-07-03,45.006,2020
Ghosts of War,Thriller,2020-07-03,45.006,2020
Ghosts of War,War,2020-07-03,45.006,2020
Ghosts of War,Fantasy,2020-07-03,45.006,2020
10 Days Without Mum,Family,2020-02-19,8.359,2020
10 Days Without Mum,Comedy,2020-02-19,8.359,2020
Stuck Together,Comedy,2021-10-20,16.677,2021
The Vanished,Thriller,2020-08-21,14.671,2020
Gretel & Hansel,Horror,2020-01-30,13.491,2020
Gretel & Hansel,Fantasy,2020-01-30,13.491,2020
Gretel & Hansel,Thriller,2020-01-30,13.491,2020
Brahms: The Boy II,Horror,2020-02-20,29.249,2020
Brahms: The Boy II,Mystery,2020-02-20,29.249,2020
Brahms: The Boy II,Thriller,2020-02-20,29.249,2020
Restless,Action,2022-02-25,200.943,2022
Restless,Thriller,2022-02-25,200.943,2022
Restless,Crime,2022-02-25,200.943,2022
Hubie Halloween,Comedy,2020-10-07,14.87,2020
Hubie Halloween,Mystery,2020-10-07,14.87,2020
Hubie Halloween,Horror,2020-10-07,14.87,2020
Censor,Horror,2021-06-11,11.191,2021
Censor,Mystery,2021-06-11,11.191,2021
Three Perfect Daughters,Comedy,2020-07-02,4.793,2020
The Takedown,Comedy,2022-05-06,359.044,2022
The Takedown,Action,2022-05-06,359.044,2022
The Weekend Away,Thriller,2022-03-03,174.348,2022
The Weekend Away,Mystery,2022-03-03,174.348,2022
Awake,Drama,2021-06-09,101.202,2021
Awake,Science Fiction,2021-06-09,101.202,2021
Awake,Thriller,2021-06-09,101.202,2021
No One Gets Out Alive,Horror,2021-09-29,113.203,2021
No One Gets Out Alive,Thriller,2021-09-29,113.203,2021
No One Gets Out Alive,Mystery,2021-09-29,113.203,2021
Bill & Ted Face the Music,Comedy,2020-08-27,17.337,2020
Bill & Ted Face the Music,Science Fiction,2020-08-27,17.337,2020
Bill & Ted Face the Music,Adventure,2020-08-27,17.337,2020
The Wretched,Horror,2020-03-09,11.89,2020
The Wretched,Mystery,2020-03-09,11.89,2020
The Wretched,Thriller,2020-03-09,11.89,2020
Hammamet,Drama,2020-01-09,5.323,2020
Hammamet,History,2020-01-09,5.323,2020
Fantasy Island,Horror,2020-02-12,24.038,2020
Fantasy Island,Fantasy,2020-02-12,24.038,2020
Fantasy Island,Adventure,2020-02-12,24.038,2020
Fantasy Island,Mystery,2020-02-12,24.038,2020
You Should Have Left,Horror,2020-06-18,32.733,2020
Deep Blue Sea 3,Action,2020-08-25,59.134,2020
Deep Blue Sea 3,Horror,2020-08-25,59.134,2020
Deep Blue Sea 3,Science Fiction,2020-08-25,59.134,2020
Come Away,Fantasy,2020-11-12,14.033,2020
Come Away,Adventure,2020-11-12,14.033,2020
Vampires vs. the Bronx,Comedy,2020-10-02,10.097,2020
Vampires vs. the Bronx,Horror,2020-10-02,10.097,2020
Kidz,Comedy,2020-01-23,4.778,2020
100% Wolf,Animation,2020-06-26,59.938,2020
100% Wolf,Family,2020-06-26,59.938,2020
100% Wolf,Fantasy,2020-06-26,59.938,2020
A Classic Horror Story,Drama,2021-07-14,60.142,2021
A Classic Horror Story,Horror,2021-07-14,60.142,2021
A Classic Horror Story,Mystery,2021-07-14,60.142,2021
A Classic Horror Story,Comedy,2021-07-14,60.142,2021
The Turning,Horror,2020-01-23,33.207,2020
The Turning,Thriller,2020-01-23,33.207,2020
Red Dot,Thriller,2021-02-11,53.991,2021
Red Dot,Horror,2021-02-11,53.991,2021
Nocturne,Horror,2020-10-13,20.987,2020
Nocturne,Mystery,2020-10-13,20.987,2020
Nocturne,Thriller,2020-10-13,20.987,2020
Nocturne,Music,2020-10-13,20.987,2020
Sentinelle,Thriller,2021-03-05,59.201,2021
Sentinelle,Action,2021-03-05,59.201,2021
Sentinelle,Drama,2021-03-05,59.201,2021
SAS: Red Notice,Drama,2021-08-11,87.887,2021
SAS: Red Notice,Action,2021-08-11,87.887,2021
SAS: Red Notice,Thriller,2021-08-11,87.887,2021
Stowaway,Science Fiction,2021-06-24,23.376,2021
Stowaway,Drama,2021-06-24,23.376,2021
Stowaway,Thriller,2021-06-24,23.376,2021
Stowaway,Adventure,2021-06-24,23.376,2021
Senior Year,Comedy,2022-05-11,218.557,2022
Rogue City,Crime,2020-10-30,8.983,2020
Rogue City,Thriller,2020-10-30,8.983,2020
Rogue City,Action,2020-10-30,8.983,2020
Rogue City,Drama,2020-10-30,8.983,2020
The Grandmother,Horror,2022-01-28,639.16,2022
Simply Black,Comedy,2020-07-08,5.824,2020
All My Friends Are Dead,Comedy,2020-12-28,15.802,2020
All My Friends Are Dead,Drama,2020-12-28,15.802,2020
All My Friends Are Dead,Thriller,2020-12-28,15.802,2020
A Castle for Christmas,Romance,2021-11-26,15.799,2021
A Castle for Christmas,Comedy,2021-11-26,15.799,2021
A Castle for Christmas,Family,2021-11-26,15.799,2021
Tesla,Drama,2020-08-14,12.617,2020
Tesla,History,2020-08-14,12.617,2020
The Swarm,Horror,2020-10-14,8.489,2020
The Doorman,Action,2020-10-01,80.86,2020
The Doorman,Thriller,2020-10-01,80.86,2020
In the Earth,Horror,2021-04-16,12.052,2021
In the Earth,Science Fiction,2021-04-16,12.052,2021
In the Earth,Thriller,2021-04-16,12.052,2021
The Lost Prince,Fantasy,2020-02-12,33.985,2020
The Lost Prince,Adventure,2020-02-12,33.985,2020
The Lost Prince,Comedy,2020-02-12,33.985,2020
Horizon Line,Thriller,2020-10-29,14.156,2020
The Midnight Sky,Science Fiction,2020-12-10,18.5,2020
The Midnight Sky,Drama,2020-12-10,18.5,2020
Spiderhead,Science Fiction,2022-06-15,942.152,2022
Spiderhead,Thriller,2022-06-15,942.152,2022
Spiderhead,Drama,2022-06-15,942.152,2022
Mother/Android,Science Fiction,2021-12-17,155.829,2021
Mother/Android,Thriller,2021-12-17,155.829,2021
An American Pickle,Comedy,2020-07-26,13.476,2020
An American Pickle,Drama,2020-07-26,13.476,2020
A Nice Girl Like You,Comedy,2020-07-18,10.641,2020
A Nice Girl Like You,Romance,2020-07-18,10.641,2020
365 Days: This Day,Romance,2022-04-27,486.946,2022
365 Days: This Day,Drama,2022-04-27,486.946,2022
Money Plane,Action,2020-09-29,10.163,2020
Money Plane,Crime,2020-09-29,10.163,2020
Shadow in the Cloud,Horror,2020-12-31,75.858,2020
Shadow in the Cloud,Action,2020-12-31,75.858,2020
Shadow in the Cloud,War,2020-12-31,75.858,2020
The Owners,Thriller,2020-08-27,55.13,2020
The Owners,Horror,2020-08-27,55.13,2020
The Vigil,Horror,2020-07-01,8.566,2020
The Vigil,Thriller,2020-07-01,8.566,2020
The Vigil,Mystery,2020-07-01,8.566,2020
Fatal Affair,Thriller,2020-07-16,14.34,2020
Things Heard & Seen,Horror,2021-04-29,15.328,2021
Tall Girl 2,Comedy,2022-02-11,47.086,2022
Tall Girl 2,Romance,2022-02-11,47.086,2022
Ava,Action,2020-07-02,155.235,2020
Ava,Crime,2020-07-02,155.235,2020
Ava,Drama,2020-07-02,155.235,2020
Ava,Thriller,2020-07-02,155.235,2020
The Tax Collector,Action,2020-08-07,59.819,2020
The Tax Collector,Crime,2020-08-07,59.819,2020
The Tax Collector,Drama,2020-08-07,59.819,2020
Deep Water,Drama,2022-03-18,141.691,2022
Deep Water,Mystery,2022-03-18,141.691,2022
Deep Water,Thriller,2022-03-18,141.691,2022
Arkansas,Crime,2020-05-05,8.725,2020
Arkansas,Thriller,2020-05-05,8.725,2020
OSS 117: From Africa with Love,Comedy,2021-08-04,9.735,2021
OSS 117: From Africa with Love,Adventure,2021-08-04,9.735,2021
OSS 117: From Africa with Love,Action,2021-08-04,9.735,2021
Artemis Fowl,Adventure,2020-06-12,30.697,2020
Artemis Fowl,Fantasy,2020-06-12,30.697,2020
Artemis Fowl,Science Fiction,2020-06-12,30.697,2020
Artemis Fowl,Family,2020-06-12,30.697,2020
Artemis Fowl,Action,2020-06-12,30.697,2020
Love Wedding Repeat,Comedy,2020-04-10,10.708,2020
Love Wedding Repeat,Romance,2020-04-10,10.708,2020
Good on Paper,Comedy,2021-06-23,13.339,2021
Good on Paper,Romance,2021-06-23,13.339,2021
Thunder Force,Action,2021-04-09,61.249,2021
Thunder Force,Adventure,2021-04-09,61.249,2021
Thunder Force,Comedy,2021-04-09,61.249,2021
Thunder Force,Science Fiction,2021-04-09,61.249,2021
Freaks – You're One of Us,Drama,2020-09-02,9.003,2020
Freaks – You're One of Us,Fantasy,2020-09-02,9.003,2020
Freaks – You're One of Us,Thriller,2020-09-02,9.003,2020
Skylines,Science Fiction,2020-10-25,86.896,2020
Skylines,Action,2020-10-25,86.896,2020
Si vive una volta sola,Comedy,2021-04-28,5.968,2021
Rogue,Action,2020-08-20,18.225,2020
Rogue,Adventure,2020-08-20,18.225,2020
Cadaver,Drama,2020-10-22,44.282,2020
Cadaver,Horror,2020-10-22,44.282,2020
Cadaver,Thriller,2020-10-22,44.282,2020
The Rental,Horror,2020-07-23,49.553,2020
Horse Girl,Drama,2020-01-27,12.81,2020
There's Someone Inside Your House,Thriller,2021-09-24,85.424,2021
There's Someone Inside Your House,Horror,2021-09-24,85.424,2021
There's Someone Inside Your House,Mystery,2021-09-24,85.424,2021
The Rhythm Section,Action,2020-01-31,21.66,2020
The Rhythm Section,Thriller,2020-01-31,21.66,2020
The Grudge,Horror,2020-01-01,32.34,2020
The Grudge,Mystery,2020-01-01,32.34,2020
Bliss,Science Fiction,2021-02-05,29.47,2021
Bliss,Romance,2021-02-05,29.47,2021
Bliss,Drama,2021-02-05,29.47,2021
COVID-21: Lethal Virus,Science Fiction,2021-01-01,9.749,2021
COVID-21: Lethal Virus,Thriller,2021-01-01,9.749,2021
COVID-21: Lethal Virus,Horror,2021-01-01,9.749,2021
Coffee & Kareem,Comedy,2020-04-03,10.928,2020
Coffee & Kareem,Action,2020-04-03,10.928,2020
Coffee & Kareem,Crime,2020-04-03,10.928,2020
The Misfits,Action,2021-06-03,84.277,2021
The Misfits,Thriller,2021-06-03,84.277,2021
Fatman,Action,2020-10-19,13.571,2020
Fatman,Comedy,2020-10-19,13.571,2020
Fatman,Fantasy,2020-10-19,13.571,2020
30 Days Max,Comedy,2020-10-14,7.519,2020
30 Days Max,Action,2020-10-14,7.519,2020
Two,Thriller,2021-07-23,197.684,2021
Two,Horror,2021-07-23,197.684,2021
The Binding,Horror,2020-10-02,37.331,2020
The Binding,Thriller,2020-10-02,37.331,2020
The Binding,Drama,2020-10-02,37.331,2020
Wander,Thriller,2020-12-04,8.681,2020
Wander,Crime,2020-12-04,8.681,2020
Wander,Mystery,2020-12-04,8.681,2020
Great White,Horror,2021-05-13,19.536,2021
Great White,Thriller,2021-05-13,19.536,2021
Downhill,Drama,2020-02-06,9.996,2020
Downhill,Comedy,2020-02-06,9.996,2020
Ballsy Girl,Comedy,2020-04-15,6.715,2020
Apex,Action,2021-11-12,139.859,2021
Apex,Thriller,2021-11-12,139.859,2021
Apex,Science Fiction,2021-11-12,139.859,2021
Windfall,Crime,2022-03-11,43.789,2022
Windfall,Thriller,2022-03-11,43.789,2022
Choose or Die,Horror,2022-04-15,25.632,2022
Choose or Die,Thriller,2022-04-15,25.632,2022
Choose or Die,Drama,2022-04-15,25.632,2022
Cuties,Drama,2020-08-19,7.243,2020
Bigbug,Science Fiction,2022-02-11,26.77,2022
Bigbug,Comedy,2022-02-11,26.77,2022
Texas Chainsaw Massacre,Horror,2022-02-18,429.811,2022
Texas Chainsaw Massacre,Thriller,2022-02-18,429.811,2022
Force of Nature,Action,2020-07-02,12.558,2020
Force of Nature,Crime,2020-07-02,12.558,2020
2067,Science Fiction,2020-10-01,23.155,2020
2067,Thriller,2020-10-01,23.155,2020
Hard Kill,Action,2020-10-23,15.932,2020
Hard Kill,Thriller,2020-10-23,15.932,2020
Black Water: Abyss,Horror,2020-07-09,156.496,2020
Black Water: Abyss,Thriller,2020-07-09,156.496,2020
Black Water: Abyss,Adventure,2020-07-09,156.496,2020
Black Water: Abyss,Mystery,2020-07-09,156.496,2020
Jurassic Hunt,Action,2021-08-26,150.881,2021
Jurassic Hunt,Science Fiction,2021-08-26,150.881,2021
Jurassic Hunt,Thriller,2021-08-26,150.881,2021
Home Sweet Home Alone,Family,2021-11-12,102.397,2021
Home Sweet Home Alone,Comedy,2021-11-12,102.397,2021
Nobody Sleeps in the Woods Tonight,Horror,2020-03-13,86.246,2020
Nobody Sleeps in the Woods Tonight,Thriller,2020-03-13,86.246,2020
Capone,Crime,2020-06-26,16.386,2020
Capone,Drama,2020-06-26,16.386,2020
Prisoners of the Ghostland,Action,2021-08-31,19.163,2021
Prisoners of the Ghostland,Fantasy,2021-08-31,19.163,2021
Deadly Illusions,Thriller,2021-03-18,17.366,2021
Deadly Illusions,Drama,2021-03-18,17.366,2021
Jiu Jitsu,Action,2020-11-20,92.22,2020
Jiu Jitsu,Science Fiction,2020-11-20,92.22,2020
Jiu Jitsu,Fantasy,2020-11-20,92.22,2020
Brazen,Thriller,2022-01-13,193.958,2022
Brazen,Mystery,2022-01-13,193.958,2022
Brazen,Drama,2022-01-13,193.958,2022
The Last Thing He Wanted,Drama,2020-02-14,18.588,2020
The Last Thing He Wanted,Thriller,2020-02-14,18.588,2020
The Bubble,Comedy,2022-03-25,73.239,2022
Prey,Thriller,2021-09-10,64.052,2021
